hotel_id,rating,user_name,user_id
9003,5.0,kpatters,0
9003,5.0,Connie B,1
9003,5.0,JoJo,2
9003,5.0,Stephani S,3
9003,4.0,BimmerM,4
9003,4.0,Ross W,5
9003,3.0,Reisaapie,6
9003,5.0,nadia_pleasanton,7
9003,3.0,travelingnow2008,8
9003,5.0,dkb60,9
9003,4.0,dgqc,10
9003,4.0,Vaughn F,11
9003,4.0,Ormstown,12
9003,5.0,MTLReviewer,13
9003,5.0,BJCW,14
9003,4.0,ottravel5,15
9004,5.0,VancouverRod,16
9004,5.0,David R,17
9004,5.0,ElOzkr A,18
9004,5.0,jameschristopher,19
9004,5.0,rivergen,20
9004,5.0,BigGandLittleT,21
9004,5.0,mynameiswelcome,22
9004,4.0,JaysonC1974,23
9004,5.0,travelingnow2008,8
9005,3.0,HabsfanJezTimes2,24
9005,3.0,Dudeneverstop,25
9005,4.0,TravelotSir,26
9006,5.0,SUZANNE S,27
9006,5.0,jilleastfallowfield,28
9006,5.0,BostonLadybug,29
9006,5.0,nelh98,30
9007,4.0,Jim S,31
9007,4.0,David R,17
9007,3.0,aeroplus,32
9007,5.0,ebtb,33
9007,5.0,HabsfanJezTimes2,24
9007,4.0,Jean S,34
9007,4.0,stampinggirl,35
9007,4.0,undefined,36
9007,4.0,onvoyage_3,37
9007,4.0,TravelotSir,26
9007,4.0,JaysonC1974,23
9007,4.0,BJ2005,38
9008,3.0,onvoyage_3,37
9008,4.0,BigGandLittleT,21
9008,2.0,Ryily,39
9008,1.0,Maggieb3,40
9008,4.0,joe d,41
9008,4.0,mynameiswelcome,22
9008,4.0,MTLReviewer,13
9008,4.0,AnthonyJa86,42
9008,5.0,J9257,43
9008,3.0,jameschristopher,19
9008,4.0,VancouverRod,16
9008,4.0,hardern,44
9008,3.0,Robin Lutchman,45
9008,5.0,Jennifer H,46
9008,5.0,JaysonC1974,23
9009,3.0,rivergen,20
9009,4.0,klodio,47
9009,4.0,ONABUDGETOntario,48
9009,3.0,sienna27,49
9009,4.0,ElOzkr A,18
9011,5.0,Robert G,50
9011,5.0,g0neaway,51
9013,4.0,sienna27,49
9014,4.0,Ginette P,52
9014,4.0,athowatt,53
9016,5.0,SaulMarmor,54
9016,5.0,Jean S,34
9017,5.0,mysterydogue,55
9017,4.0,Daniel B,56
9017,4.0,AnthonyJa86,42
9017,3.0,zimms4golf,57
9024,3.0,Robert G,50
9024,3.0,Chacharea,58
9024,3.0,redrider53,59
9024,3.0,Robin Lutchman,45
9033,4.0,tripann,60
9033,2.0,Carol W,61
9033,5.0,kenh921,62
9033,5.0,Catharine P,63
9033,5.0,bksmith2017,64
9033,4.0,RubyRedBoots,65
9033,5.0,kareni1946,66
9033,5.0,cantrip81,67
9033,4.0,darrylpatrickk,68
9033,4.0,Susan012014,69
9033,4.0,Maggieb3,40
9034,1.0,35traveler35,70
9034,5.0,Tara T,71
9034,4.0,deborahrP6590ES,72
9034,5.0,John C,73
9034,4.0,darrylpatrickk,68
9034,4.0,Susan2369,74
9034,5.0,Deb M,75
9035,5.0,Mobile769156,76
9035,5.0,bigcahoon,77
9035,5.0,DIZZY82,78
9035,3.0,Kate181793,79
9035,4.0,Doris D,80
9035,5.0,MaxBC,81
9035,5.0,Tripadviser15,82
9035,4.0,Dan M,83
9035,5.0,Stephenie/Стефи,84
9036,3.0,TwoMensMum,85
9036,4.0,MyleHigh,86
9036,2.0,Robert S,87
9036,3.0,Mike H,88
9036,5.0,Mobile769156,76
9036,5.0,undefined,36
9036,2.0,tiggins,89
9036,4.0,b0nniebub,90
9036,3.0,amed6,91
9036,4.0,Peter M,92
9036,3.0,john h,93
9036,4.0,Tripadviser15,82
9036,3.0,Carly M,94
9036,4.0,Jim M,95
9037,3.0,islandfoodie2000,96
9037,5.0,kareni1946,66
9037,4.0,Leoval13,97
9037,2.0,deborahrP6590ES,72
9037,4.0,Ben Y,98
9037,5.0,tylee10,99
9037,4.0,Hilford B,100
9037,4.0,Deb M,75
9037,5.0,deeman98,101
9037,5.0,Lorbo2015,102
9037,4.0,curlergirl,103
9037,4.0,orcaland,104
9037,4.0,Proudmanxman1970,105
9037,4.0,cantrip81,67
9037,5.0,kenh921,62
9037,4.0,omanaomi,106
9037,4.0,CalgaryMarcoPolo,107
9037,4.0,TravelTipsCalgary,108
9037,5.0,Katherine M,109
9037,5.0,TJandTR,110
9037,5.0,Jim M,95
9037,3.0,CaseyluvsSophie,111
9037,4.0,Paul B,112
9037,4.0,Kathini,113
9038,5.0,peter84,114
9038,4.0,William C,115
9038,4.0,Geckosgal,116
9038,5.0,Gary W,117
9038,4.0,DADIG,118
9038,5.0,Snow666angel,119
9038,5.0,Jon W,120
9038,3.0,eztourist,121
9039,5.0,Tara T,71
9039,5.0,b0nniebub,90
9039,3.0,westcanguy,122
9039,4.0,Turk204,123
9039,5.0,jameslfoley,124
9039,2.0,Mike D,125
9039,3.0,John C,73
9039,4.0,Canucksontheloose,126
9039,4.0,fishingguy2015,127
9039,5.0,JoAnnSp,128
9039,4.0,114darrylp,129
9039,5.0,Debbie054,130
9039,4.0,Monixen,131
9039,3.0,richmennie,132
9039,4.0,Dendroctonus,133
9039,4.0,Peter F,134
9039,5.0,Stuart71,135
9039,4.0,Kate181793,79
9039,1.0,Stephenie/Стефи,84
9039,2.0,Verbz,136
9039,2.0,Kim S,137
9039,4.0,keadyn,138
9042,5.0,Capt_S_12,139
9042,5.0,IGH7,140
9042,5.0,DaveBritishColumbia,141
9045,5.0,chicosmama,142
9046,5.0,Caroline090,143
9046,5.0,Marilyn B,144
9046,5.0,Jojul_11,145
9048,5.0,KenJennings1,146
9049,2.0,SailorAirman,147
9049,4.0,Marian C,148
9049,3.0,DADIG,118
9049,4.0,Teresa H,149
9050,5.0,Carol W,61
9051,4.0,timbucktoe,150
9051,4.0,AliceMatthews,151
9059,1.0,Francis V,152
9059,3.0,John F,153
9059,4.0,PhilG512,154
9059,5.0,Dunc14,155
9059,3.0,kbdid,156
9059,4.0,UMichAlum,157
9059,5.0,Harvey C,158
9059,5.0,A6848TDdavidp,159
9059,4.0,MuskokaMan,160
9059,2.0,Nicola B,161
9059,4.0,Amy L,162
9059,4.0,voyager075,163
9059,5.0,tkemp111,164
9059,4.0,Bryan H,165
9059,5.0,Florin M,166
9059,3.0,Jimthefriar,167
9059,5.0,NorthernGuy13,168
9059,5.0,paulgeci,169
9059,4.0,b0b55russell,170
9060,1.0,undefined,36
9061,5.0,Jim E,171
9061,5.0,stephie567,172
9061,5.0,RexT,173
9061,5.0,LuluReview,174
9061,5.0,Dunc14,155
9061,5.0,BHorst,175
9061,5.0,Dendroctonus,133
9061,5.0,Craig H,176
9061,5.0,Florin M,166
9061,5.0,reggaeplus,177
9061,5.0,Stefan P,178
9061,5.0,tayser,179
9062,5.0,tayser,179
9062,5.0,janvan3821,180
9062,5.0,SaulMarmor,54
9062,5.0,JVR155019,181
9062,5.0,Robert C,182
9063,5.0,Dawn C,183
9063,5.0,janvan3821,180
9063,5.0,Robert C,182
9064,4.0,BHorst,175
9064,1.0,Francis V,152
9064,2.0,undefined,36
9064,4.0,MuskokaMan,160
9064,4.0,Amy L,162
9064,4.0,Chris H,184
9064,3.0,RexT,173
9064,5.0,NorthernGuy13,168
9064,5.0,Jennifer R,185
9064,4.0,Marc R,186
9064,4.0,tkemp111,164
9065,4.0,THtheTraveller,187
9065,4.0,kbdid,156
9065,4.0,undefined,36
9066,4.0,Meldoll1,188
9066,3.0,Francis V,152
9066,5.0,TommyAllen,189
9066,3.0,Bryan H,165
9066,5.0,NorthernGuy13,168
9067,2.0,Bruno Z,190
9068,5.0,Chris H,184
9068,4.0,dgqc,10
9069,4.0,PhilG512,154
9071,2.0,Craig H,176
9071,3.0,undefined,36
9071,5.0,nacho_man10,191
9071,1.0,paulgeci,169
9075,4.0,voyager075,163
9076,4.0,Steveandchristine,192
9086,5.0,Charles G,193
9086,4.0,jaykay99,194
9086,4.0,IrishCream,195
9086,5.0,Griffibob,196
9086,5.0,Fred B,197
9086,3.0,Nicola B,161
9092,5.0,JacquelineL144,198
9092,3.0,seasonedtraveller053,199
9092,3.0,John W,200
9092,4.0,Angeles,201
9092,2.0,D&B,202
9092,4.0,dougd540,203
9092,4.0,flyingontheground,204
9092,4.0,Jim R,205
9092,4.0,jimo663,206
9092,5.0,bensagle,207
9093,5.0,JoJo,2
9094,3.0,jhsheep,208
9097,3.0,Peter S,209
9098,5.0,Jzjsolo,210
9101,4.0,OnAnotherJourney,211
9101,5.0,hannewenkeler,212
9101,5.0,Linda L,213
9101,5.0,65Pmobile,214
9101,4.0,reynoir2,215
9101,4.0,Heather S,216
9102,5.0,rafrnhm,217
9102,5.0,Brandi604,218
9102,5.0,OnAnotherJourney,211
9102,3.0,VerwoodChurchmouse,219
9102,4.0,cava33,220
9103,4.0,otistdriftwood,221
9103,5.0,O-Sherry,222
9103,5.0,mrspaulh,223
9103,1.0,Ursula M,224
9103,5.0,Linda W,225
9103,4.0,Dwight T,226
9103,4.0,OnAnotherJourney,211
9103,4.0,PookyCake,227
9103,3.0,Bob S,228
9103,2.0,Christoph F,229
9103,5.0,Cari H,230
9103,5.0,LLHH,231
9103,5.0,GORDON K,232
9103,4.0,Leona Z,233
9103,4.0,Lisa S,234
9103,5.0,Bev R,235
9103,5.0,Joseph B,236
9103,5.0,sunsnowmud,237
9103,5.0,Kate181793,79
9103,4.0,Chris I,238
9103,4.0,Wandering6,239
9103,4.0,Susan012014,69
9104,5.0,Brandi604,218
9104,5.0,128BobbiK,240
9104,5.0,apaetow,241
9105,4.0,Karen K,242
9106,5.0,Cathie B,243
9106,5.0,Cari H,230
9106,4.0,Debbie V,244
9106,5.0,jhsheep,208
9106,4.0,Kate D,245
9106,4.0,Archangelsgirl,246
9106,5.0,Grammyplamla,247
9106,5.0,SonjaB60,248
9106,4.0,Sharonbader,249
9106,4.0,Katherine M,109
9106,2.0,chicosmama,142
9106,4.0,GrandmaGoldwing,250
9106,4.0,Gravelburger,251
9107,5.0,Ursula M,224
9107,5.0,bigcahoon,77
9107,4.0,Gale K,252
9107,5.0,Todd154921,253
9107,3.0,rtsvg,254
9108,4.0,bernieb526,255
9108,4.0,Tootsall,256
9108,5.0,muskrat88,257
9109,4.0,585rolft,258
9109,3.0,Dwight T,226
9109,2.0,O-Sherry,222
9109,3.0,JavaMama75,259
9109,4.0,Hans S,260
9109,3.0,LLHH,231
9109,3.0,TomC50,261
9109,3.0,cheekychubbychops,262
9109,3.0,kidtripping,263
9111,4.0,Bonnie W,264
9111,2.0,Nolpreen,265
9111,3.0,Hammer132014,266
9111,4.0,eztourist,121
9111,4.0,Dave B,267
9111,3.0,energizer090,268
9111,4.0,RonAKA,269
9111,3.0,maddie4bc,270
9111,4.0,Ben Y,98
9111,3.0,Jason H,271
9111,4.0,tripann,60
9111,5.0,886judy,272
9111,4.0,Sac2Travelers,273
9111,5.0,JoyceDH,274
9111,4.0,Glen M,275
9111,3.0,david k,276
9111,3.0,SolusTraveller,277
9111,5.0,Ellen K,278
9111,5.0,annchasebc,279
9111,2.0,Archie C,280
9111,5.0,Kilguy,281
9113,3.0,Norman F,282
9113,3.0,Soonie68,283
9113,3.0,EEM88,284
9113,5.0,65Pmobile,214
9113,4.0,reynoir2,215
9113,3.0,TwoMensMum,85
9113,5.0,MichaelM0079,285
9113,2.0,fayo400,286
9113,4.0,SolusTraveller,277
9113,4.0,tiggins,89
9113,3.0,Catfish85U,287
9113,3.0,bigtrippertoo,288
9113,3.0,muskrat88,257
9117,4.0,EEM88,284
9117,1.0,128BobbiK,240
9117,3.0,kraut_chick,289
9117,5.0,TomC50,261
9117,2.0,oaklyn,290
9117,2.0,kidtripping,263
9117,4.0,Bill R,291
9117,2.0,geoqwest,292
9117,4.0,Jonathan V,293
9119,4.0,nickelcitygirl,294
9119,3.0,Hugh M,295
9121,4.0,athowatt,53
9122,5.0,Concoa,296
9122,4.0,Barry W,297
9122,4.0,Lynda E,298
9122,4.0,LP1247,299
9122,5.0,Eurodame,300
9122,5.0,iamzeke,301
9122,5.0,VagabondsDotCH,302
9122,4.0,Peg99,303
9122,5.0,Kellie S,304
9122,5.0,MrsPacker54,305
9122,4.0,Sabrina H,306
9122,5.0,ALfromManitoba,307
9122,4.0,lovesunshine85,308
9122,5.0,janet g,309
9122,5.0,Paul J,310
9122,4.0,sfryyz,311
9122,4.0,NSAdventureSeekers,312
9123,5.0,trainfan2000,313
9123,5.0,Angela S,314
9123,5.0,DianneRobertson,315
9123,4.0,Patrick M,316
9123,5.0,Wendy S,317
9123,5.0,WHMeg,318
9123,3.0,woodmister,319
9123,3.0,cruiser1968,320
9123,5.0,katasha,321
9123,5.0,Connie H,322
9123,4.0,Sparra53,323
9123,4.0,augusta a,324
9123,4.0,John K,325
9123,5.0,Tosh2,326
9124,5.0,Aileen B,327
9124,5.0,Gwindor N,328
9124,4.0,Alan S,329
9124,5.0,cny12,330
9124,4.0,terbez72,331
9124,4.0,James P,332
9124,4.0,Dickdob1053,333
9124,5.0,bridget1000,334
9124,5.0,Kevin S,335
9124,4.0,CurtisG,336
9124,5.0,almescher,337
9124,5.0,scooper47,338
9124,4.0,Phil835,339
9124,5.0,Elisabeth O,340
9124,5.0,Allan B,341
9124,5.0,Kathleen W,342
9124,5.0,Ellen H,343
9124,2.0,dsky227,344
9124,5.0,KJSandIRS,345
9124,5.0,Allison  E,346
9124,5.0,Steven L,347
9124,5.0,Wych,348
9126,4.0,bneenut,349
9126,4.0,Vecchio John S,350
9126,3.0,Catfish85U,287
9126,3.0,RBDriscoll,351
9126,5.0,KCsew,352
9126,4.0,Hola4876,353
9126,4.0,beachair25,354
9126,4.0,Bernie P,355
9126,5.0,Joseph B,236
9126,5.0,Paula Brian D,356
9126,4.0,GratefulTravellers42,357
9126,4.0,2015eastcoasters,358
9126,4.0,Buffy M,359
9126,3.0,Hugh M,295
9126,4.0,Tandemania,360
9126,3.0,Barry W,297
9126,4.0,Ellen H,343
9126,4.0,WizardBristol,361
9126,3.0,trhattan,362
9126,4.0,Jim E,171
9126,4.0,JDBacks,363
9126,4.0,stephie567,172
9126,5.0,vernonm844,364
9126,3.0,MJP695rue,365
9126,3.0,drdroad,366
9127,5.0,H H,367
9127,4.0,Sean P,368
9127,4.0,Krista B,369
9127,3.0,erm58,370
9127,5.0,Digbyamb,371
9127,4.0,PegLeg-and-SherBear,372
9127,5.0,jnb239,373
9127,4.0,Christoforus,374
9127,5.0,Luckysyd,375
9128,4.0,seasonedtraveller053,199
9128,4.0,sylvie l,376
9128,5.0,Hammer132014,266
9128,2.0,Gingenut,377
9128,5.0,MrsWeedy,378
9128,4.0,Boodleheimer,379
9128,5.0,Jojul_11,145
9129,4.0,ontheroadtwo,380
9129,4.0,jeannieanne,381
9129,4.0,DaveBarbOnTheRoad,382
9129,5.0,Digbyamb,371
9129,4.0,Elisabeth O,340
9129,4.0,Laraine G,383
9129,5.0,Kellie S,304
9130,5.0,TimeshareVon,384
9130,4.0,Krista B,369
9131,5.0,Sheila M,385
9131,2.0,Satsoc,386
9131,5.0,TrapsterX,387
9131,4.0,Boodleheimer,379
9131,5.0,Patrick S,388
9132,5.0,Steven P,389
9132,5.0,albertobrazil,390
9132,5.0,Megan G,391
9132,5.0,luckysunnystar,392
9133,3.0,dsky227,344
9133,2.0,Donna D,393
9133,3.0,BluenoserHalifax,394
9134,5.0,Paul U,395
9134,3.0,OneTipster,396
9134,5.0,sienna27,49
9134,5.0,Sambra21,397
9134,3.0,Catherine P,398
9134,3.0,dolly9,399
9134,3.0,haley745,400
9134,4.0,NSAdventureSeekers,312
9135,5.0,BullsEyeWineGuy,401
9136,1.0,Steven P,389
9136,5.0,Geoffrey M,402
9136,4.0,Donna D,393
9138,5.0,IP3806,403
9138,5.0,Vaughn F,11
9143,5.0,Horsewoman,404
9143,5.0,krp329,405
9143,5.0,justcake13,406
9143,5.0,KCsew,352
9143,5.0,LovesToTravel716,407
9143,4.0,Hola4876,353
9143,4.0,TXLuv2Travel,408
9143,5.0,beachair25,354
9143,5.0,DebbieD60,409
9143,5.0,Sue D,410
9143,5.0,scooper47,338
9143,5.0,Kathy1940,411
9143,4.0,TripleM_99,412
9143,5.0,6259HJC,413
9143,5.0,Ed O,414
9143,5.0,Indie75,415
9143,4.0,ontheroadtwo,380
9143,5.0,Marilyn B,144
9143,5.0,Annette B,416
9143,5.0,Paul S,417
9144,5.0,LuluReview,174
9144,5.0,hikers5152,418
9144,5.0,Fred T,419
9144,5.0,Megan G,391
9144,5.0,Aron B,420
9144,5.0,almescher,337
9144,5.0,BJCW,14
9144,5.0,Matt T,421
9144,5.0,Brett W,422
9144,5.0,BrunoMarieAnnecchiar,423
9144,5.0,LovesToTravel716,407
9145,5.0,PearlBelfast,424
9145,2.0,Tallsally2323,425
9146,5.0,James P,332
9146,5.0,chab009,426
9146,5.0,BrunoMarieAnnecchiar,423
9146,5.0,Kazzoo,427
9146,5.0,ecgrossett,428
9146,5.0,Kate F,429
9147,5.0,Lynn D,430
9147,5.0,Shelly M,431
9147,4.0,crysccrom75,432
9147,5.0,John S,433
9147,5.0,Annette B,416
9147,1.0,peislander1999,434
9147,5.0,Gerry W,435
9147,5.0,Elizabethmaureen8868,436
9147,4.0,livethedream2015,437
9147,4.0,freddi g,438
9147,5.0,scotiajim,439
9147,5.0,Chris R,440
9147,4.0,stampinggirl,35
9147,5.0,Katie M,441
9147,4.0,Andrew I,442
9147,5.0,76fpr,443
9147,4.0,Dan S,444
9147,4.0,kellyshunter,445
9147,5.0,kariandkyle,446
9147,5.0,Al M,447
9147,5.0,Cheryl B,448
9147,5.0,Kevxh,449
9148,5.0,Michael B,450
9148,5.0,willoDorset,451
9148,5.0,189Kim,452
9149,5.0,JR_of_Kamloops,453
9149,5.0,Wei H,454
9149,5.0,joecv5,455
9149,4.0,callted,456
9150,4.0,Terry Soucy,457
9150,4.0,Francine L,458
9150,3.0,Barbanellie,459
9151,4.0,Canada55plus,460
9151,5.0,Kate F,429
9152,3.0,undefined,36
9152,5.0,AuntieAnn,461
9152,3.0,Catfish85U,287
9152,3.0,RBDriscoll,351
9152,2.0,linm68,462
9152,3.0,Gerry G,463
9152,5.0,Harrods4,464
9152,4.0,salesmanSussex_Nb,465
9152,4.0,Canmoretravelbugs,466
9152,5.0,Cathy C,467
9152,5.0,Geoffrey M,402
9152,3.0,Roger S,468
9152,3.0,cruiser6062,469
9152,1.0,Robert R,470
9153,5.0,Horsewoman,404
9153,3.0,454bill,471
9153,4.0,salesmanSussex_Nb,465
9153,3.0,Cheryl R,472
9153,2.0,cruiser6062,469
9153,2.0,Kevxh,449
9153,2.0,Peter B,473
9153,4.0,Drip_investor,474
9153,3.0,kellyshunter,445
9153,1.0,b2mack,475
9153,1.0,Katie M,441
9154,5.0,Holly M,476
9154,5.0,Paula Brian D,356
9154,4.0,Tamara R,477
9154,4.0,crysccrom75,432
9154,4.0,eacmacpamba,478
9154,4.0,dolly9,399
9154,4.0,Robert R,470
9154,4.0,sunlover1997,479
9154,1.0,189Kim,452
9155,3.0,Peter B,473
9155,1.0,Brett W,422
9155,2.0,Luckysyd,375
9158,4.0,SMO2015,480
9158,3.0,2NATIONALPARKFANS,481
9159,2.0,AuntieAnn,461
9159,5.0,Ed O,414
9159,5.0,Relic6241,482
9159,4.0,Barbanellie,459
9162,3.0,Kathy1940,411
9164,5.0,vernonm844,364
9166,3.0,peislander1999,434
9166,4.0,bigmack27,483
9166,2.0,livethedream2015,437
9166,3.0,AyaReiko,484
9166,1.0,Drip_investor,474
9166,3.0,LMCHJP,485
9166,4.0,tripsofstephanie,486
9166,3.0,Geoffrey M,402
9169,5.0,reinlaagland,487
9169,5.0,Shobana T,488
9169,4.0,2NATIONALPARKFANS,481
9169,5.0,sfryyz,311
9169,5.0,Tamara R,477
9169,4.0,Caroline090,143
9169,5.0,Leafs_Country,489
9169,5.0,kitten50,490
9169,5.0,Digger21,491
9169,5.0,Brigus54,492
9169,4.0,Reisaapie,6
9169,4.0,Dan S,444
9170,5.0,geodeb2016,493
9171,3.0,Brigus54,492
9171,4.0,Flocy D,494
9171,5.0,VancouverLil,495
9171,5.0,GratefulTravellers42,357
9172,5.0,ComstockJL,496
9172,5.0,I-hate-name-picking,497
9172,4.0,Terry Soucy,457
9172,5.0,Ddanders1170,498
9172,5.0,Peter M,92
9172,4.0,Ms_OffTheBeatenPath,499
9172,5.0,Digger21,491
9173,4.0,woodmister,319
9173,5.0,theseoldroads,500
9174,5.0,Wardy48,501
9174,5.0,Paul B,112
9174,4.0,RBDriscoll,351
9174,5.0,teddem,502
9174,5.0,kidtripping,263
9174,5.0,Rick F,503
9174,5.0,Bethany T,504
9174,5.0,mountainoutin,505
9174,4.0,LJC309,506
9174,3.0,Alan S,329
9174,5.0,LifeinParis,507
9174,5.0,Steven L,347
9174,5.0,marvmary,508
9174,5.0,blrobins,509
9174,4.0,ProducermanAtlanta,510
9174,5.0,6259HJC,413
9174,5.0,Disco2102,511
9174,4.0,UMichAlum,157
9174,5.0,Kathy M,512
9174,4.0,Dickdob1053,333
9174,4.0,4u2p,513
9174,3.0,IP3806,403
9174,5.0,GORDON K,232
9175,5.0,Wardy48,501
9176,3.0,margieleb,514
9176,4.0,GPohl,515
9176,5.0,AWESOMECornerbrook,516
9177,5.0,Francine L,458
9177,5.0,claire t,517
9177,3.0,eacmacpamba,478
9177,3.0,Cathy C,467
9177,5.0,DaFoosa,518
9177,4.0,Buffy M,359
9177,4.0,Allan H,519
9177,3.0,jnb239,373
9177,3.0,CatUK78,520
9177,4.0,shane c,521
9178,5.0,John S,433
9178,4.0,tom646,522
9179,3.0,1998SarahJ,523
9179,5.0,Barbara W,524
9179,5.0,Jimthefriar,167
9179,5.0,Debra885,525
9179,4.0,Al E,526
9179,4.0,tgw375,527
9179,3.0,PepperGrinder_2,528
9179,4.0,H H,367
9179,4.0,scox40,529
9181,1.0,geodeb2016,493
9181,5.0,Lyndasue_11,530
9181,4.0,JeannieSmallTown,531
9181,5.0,CatUK78,520
9181,5.0,Peter M,92
9181,4.0,NJ-sunshine3,532
9182,5.0,Andrea_Wallette,533
9183,5.0,Disco2102,511
9183,4.0,laandrews,534
9183,4.0,I-hate-name-picking,497
9184,4.0,Lynn D,430
9184,3.0,Packed2Go,535
9184,1.0,linm68,462
9184,3.0,TimeshareVon,384
9184,4.0,SSC-CP,536
9184,3.0,Andrea_Wallette,533
9184,1.0,Kathy M,512
9184,5.0,shallah j,537
9184,4.0,Ben Y,98
9184,2.0,Amanda L,538
9184,3.0,AirCanada5,539
9185,4.0,Sara C,540
9186,5.0,SunDaisy11,541
9187,3.0,David M,542
9187,4.0,Northlites,543
9187,3.0,kmomma,544
9187,1.0,Chloe D,545
9187,4.0,Amanda L,538
9187,3.0,Sara C,540
9187,3.0,Goldie50,546
9188,5.0,margie smith,547
9188,3.0,AWESOMECornerbrook,516
9188,4.0,Al E,526
9188,2.0,tgw375,527
9189,3.0,Patti C,548
9189,3.0,callted,456
9189,5.0,NJ-sunshine3,532
9191,4.0,Linda Margaret,549
9194,4.0,Chacharea,58
9194,4.0,AnneandJohn803,550
9194,5.0,Patti L,551
9194,5.0,Boris2552,552
9199,5.0,denlin,553
9203,4.0,Ormstown,12
9210,4.0,RubyRedBoots,65
9210,4.0,Boyd M,554
9210,5.0,Barbara H,555
9211,5.0,GrannyAC,556
9211,4.0,Stanley F,557
9211,5.0,linengirl,558
9211,5.0,Barbara C,559
9211,5.0,Andrew B,560
9211,5.0,Huy B,561
9211,5.0,rogerduarten,562
9211,5.0,WinnipegHiroshi,563
9211,5.0,gmdalberta,564
9211,5.0,Claude L,565
9211,5.0,HECK B,566
9211,5.0,Keith B,567
9212,3.0,Marie G,568
9212,4.0,Ashley,569
9212,3.0,Viajar_desde_Alberta,570
9212,4.0,LovingSunandSand,571
9212,5.0,TravelBugg,572
9213,2.0,georgemom,573
9213,1.0,TashaBn,574
9213,4.0,C9297OOkenm,575
9213,3.0,Emmanuel_Germain,576
9213,4.0,davidbriane,577
9213,4.0,Sheri G,578
9213,4.0,canbear32,579
9215,5.0,Bonnie W,264
9216,4.0,TC0044,580
9217,5.0,baudley,581
9217,1.0,gmdalberta,564
9217,3.0,LovingSunandSand,571
9218,5.0,C9297OOkenm,575
9218,5.0,Amanda H,582
9218,4.0,undefined,36
9218,5.0,candycats,583
9218,5.0,HECK B,566
9220,4.0,undefined,36
9220,5.0,TashaBn,574
9220,3.0,TravelBugg,572
9221,3.0,richard t Sydney Australia,584
9221,3.0,Gale K,252
9221,5.0,savesomeoneelse,585
9221,5.0,Jane D,586
9221,5.0,FrequenttravellerCA,587
9221,2.0,Bev R,235
9221,5.0,Ulwazi,588
9221,4.0,Lynda D,589
9221,2.0,Naomi I,590
9221,4.0,ellejames,591
9221,4.0,Bernard E,592
9221,4.0,Nifty,593
9221,5.0,Buddly,594
9221,4.0,Viajar_desde_Alberta,570
9221,2.0,linengirl,558
9221,5.0,Adam M,595
9221,4.0,omanaomi,106
9221,4.0,Dan M,83
9221,5.0,NSRoadrunner7,596
9222,4.0,davidbriane,577
9222,3.0,Travis12345,597
9222,4.0,CGSTraveller,598
9222,2.0,Nicole P,599
9222,4.0,Sheri G,578
9222,2.0,Carsten S,600
9222,3.0,Andrew B,560
9226,4.0,JDBacks,363
9233,4.0,Ed S,601
9233,4.0,Noel58,602
9233,5.0,Nicole N,603
9233,4.0,PookyCake,227
9233,4.0,PimDutch,604
9233,5.0,riverdaleschool1903,605
9233,4.0,William V,606
9233,5.0,Tannis T,607
9233,5.0,PaoliLLH,608
9233,5.0,bemeyer,609
9233,4.0,Patrick S,388
9233,5.0,Kate D,245
9233,5.0,Jennifer H,46
9233,4.0,Tracy M,610
9233,5.0,carmel s,611
9233,1.0,HappyTravels1923,612
9233,4.0,Stacey M,613
9233,4.0,Henry P,614
9233,4.0,Peter M,92
9233,4.0,Susan V,615
9233,5.0,Susan2369,74
9233,3.0,Noelle H,616
9233,4.0,rammblat,617
9233,5.0,Marion_Harvey,618
9233,5.0,Wanita60,619
9234,2.0,Canucksontheloose,126
9234,4.0,Emmett10692,620
9234,4.0,BarbsZ,621
9234,4.0,heakitt,622
9234,5.0,Lynda S,623
9234,5.0,Roy C,624
9234,5.0,apaetow,241
9234,4.0,Glen M,275
9234,5.0,JoyceDH,274
9234,5.0,Lorbo2015,102
9234,5.0,Terry D,625
9234,4.0,CurtisG,336
9234,5.0,Lora S,626
9236,4.0,CamanoIsleTraveller,627
9236,4.0,Jason H,271
9236,2.0,GeeLanark,628
9236,4.0,pentictonkid,629
9236,2.0,JimFord13,630
9236,3.0,TaraW4546,631
9236,3.0,carmel s,611
9236,4.0,whomever,632
9237,3.0,jenmc74,633
9237,4.0,undefined,36
9237,3.0,Heather S,216
9237,4.0,Andrea M,634
9237,3.0,Marites8,635
9237,3.0,JR02014,636
9237,4.0,Teresa H,149
9237,5.0,RobTor,637
9237,3.0,173Jack173,638
9237,3.0,pandabear9196,639
9237,4.0,SKLT_Esquire,640
9237,3.0,Ron O,641
9237,3.0,redjule70,642
9237,3.0,KimJackC,643
9237,3.0,Barbara A,644
9237,4.0,Katiejojo65,645
9237,4.0,Henry R,646
9237,5.0,Sheree,647
9237,3.0,canuck2s,648
9238,2.0,jack L,649
9238,3.0,Sheree,647
9239,4.0,Teresa H,149
9239,3.0,KNCooper,650
9239,4.0,J1348,651
9239,4.0,Sharon M,652
9239,4.0,J R,653
9239,4.0,Vernus,654
9239,4.0,MaxBC,81
9239,4.0,Ellen K,278
9239,2.0,ChippyDust,655
9239,4.0,Cordie_Cat40,656
9239,4.0,Sherree S,657
9239,5.0,TrueCanucks,658
9239,3.0,maddie4bc,270
9240,5.0,Teresa H,149
9241,5.0,Girl123cdn,659
9241,5.0,Gzowski,660
9241,5.0,ScottEmmaLee,661
9241,4.0,teddem,502
9241,5.0,travellover077,662
9241,5.0,AnneandJohn803,550
9241,5.0,Lovestherockies,663
9241,5.0,Jason W,664
9241,5.0,Colin1421,665
9241,5.0,Rick F,503
9241,5.0,Jim S,31
9241,5.0,Kathleen W,342
9242,2.0,Pouxie11,666
9242,1.0,sallygirl277,667
9242,4.0,Tootsall,256
9242,1.0,Terry D,625
9242,2.0,kraut_chick,289
9242,4.0,J1348,651
9242,3.0,Gerald K,668
9242,3.0,Rose S,669
9242,3.0,selmawade,670
9242,5.0,Alfred K,671
9242,4.0,Nadine D,672
9242,4.0,Kay L,673
9242,3.0,SonjaB60,248
9242,4.0,Sherree S,657
9242,3.0,eztourist,121
9242,4.0,riverdaleschool1903,605
9242,4.0,Dave B,267
9242,4.0,TravelTipsCalgary,108
9243,4.0,AKMini,674
9243,3.0,Steven R,675
9243,4.0,astromac866,676
9243,3.0,Vernus,654
9243,4.0,Catharine P,63
9243,3.0,HappyTravels1923,612
9243,3.0,ScottfromBlackie,677
9243,1.0,Stacey M,613
9243,4.0,selmawade,670
9244,4.0,Roadtrip_Catlove,678
9244,5.0,Kenneth P,679
9244,5.0,annchasebc,279
9246,2.0,John T,680
9246,4.0,SuperDave47,681
9247,1.0,krsthom,682
9247,4.0,garbeth77,683
9248,4.0,geoqwest,292
9248,1.0,Rose S,669
9248,4.0,CatharinaApple,684
9248,1.0,sallygirl277,667
9249,5.0,Tammy M,685
9249,5.0,Drue I,686
9249,4.0,lchjr,687
9249,5.0,pickascreennamepicka,688
9249,5.0,Bobbi K,689
9249,5.0,GrandmaGoldwing,250
9249,5.0,Richard288,690
9249,5.0,92JENNY92,691
9250,5.0,linda8201,692
9251,4.0,Lorie10,693
9251,4.0,flametamer911,694
9251,5.0,35traveler35,70
9253,2.0,astromac866,676
9254,4.0,Lynnruff,695
9254,3.0,kaykay41870,696
9255,3.0,Liz S,697
9255,5.0,runningdevendra,698
9256,3.0,Steven R,675
9259,2.0,Tracy M,610
9259,3.0,kaykay41870,696
9259,1.0,Ruth M,699
9259,3.0,2Nikkels,700
9262,4.0,Packed2Go,535
9262,5.0,EEM88,284
9262,5.0,KNCooper,650
9262,5.0,skynyrd2,701
9262,5.0,kerry b,702
9262,5.0,Nick B,703
9262,5.0,Liza156,704
9262,5.0,Debbie B,705
9262,5.0,Neno S,706
9262,4.0,lari1960,707
9262,5.0,Heidemarie C,708
9262,3.0,KJSandIRS,345
9262,4.0,Stephani S,3
9262,4.0,CS P,709
9262,3.0,Leafs_Country,489
9262,4.0,Margaret K,710
9262,4.0,marvinthemartian2015,711
9262,5.0,Pitstop50,712
9262,5.0,elephant111111,713
9263,2.0,430Bryan,714
9263,1.0,Stephane M,715
9263,4.0,Roly M,716
9263,5.0,rwb44,717
9263,3.0,trainfan2000,313
9263,5.0,Curlygal2013,718
9263,3.0,Kevin P,719
9263,4.0,sjdevconex,720
9263,1.0,Dcaplan,721
9264,3.0,Retired51,722
9264,3.0,Itchycleo,723
9264,4.0,undefined,36
9264,4.0,Marlene B,724
9264,2.0,Wildthing_11,725
9264,4.0,A6848TDdavidp,159
9264,4.0,PLSOntario,726
9264,5.0,Vanessa G,727
9264,4.0,Michael S,728
9264,5.0,Robert G,50
9264,4.0,Christopher W,729
9264,5.0,Snowbarbie,730
9264,3.0,lari1960,707
9264,4.0,JacquelineL144,198
9264,3.0,steener100,731
9264,3.0,Bruno Z,190
9264,2.0,Gary S,732
9264,4.0,kariandkyle,446
9266,5.0,angieandrobin,733
9266,4.0,SheilaLastname,734
9267,5.0,Amy L,162
9267,5.0,travginny,735
9267,4.0,REL_11,736
9267,4.0,Ruth K,737
9267,5.0,Peter S,209
9267,4.0,Gail W,738
9267,5.0,Susan D,739
9268,5.0,travginny,735
9268,5.0,David W,740
9270,4.0,sjdevconex,720
9270,4.0,dmpeng,741
9271,5.0,Ottawa_retiree,742
9271,4.0,Fred B,197
9272,1.0,Gwindor N,328
9272,4.0,Samantha,743
9272,3.0,Jim S,31
9272,4.0,Curlygal2013,718
9272,4.0,thegrandstan,744
9272,4.0,Peter S,209
9272,4.0,Pitstop50,712
9273,3.0,Retired51,722
9273,2.0,angieandrobin,733
9273,3.0,norules1430,745
9273,3.0,CS P,709
9273,4.0,Bon Echo G,746
9273,2.0,ametsound,747
9273,2.0,Nick B,703
9273,2.0,Jim S,31
9273,1.0,dmpeng,741
9273,4.0,Neno S,706
9273,4.0,Forestree,748
9273,1.0,marvinthemartian2015,711
9273,3.0,skynyrd2,701
9273,1.0,Gerry G,463
9273,4.0,kerry b,702
9273,1.0,Nigel G,749
9274,5.0,undefined,36
9274,4.0,Heidemarie C,708
9274,2.0,stevepencz,750
9274,4.0,WDWDonna,751
9274,5.0,Bruno Z,190
9274,4.0,Darlene R,752
9274,2.0,DIrk H,753
9274,3.0,Charles G,193
9274,5.0,elephant111111,713
9275,1.0,undefined,36
9275,3.0,Samantha,743
9275,1.0,Gary S,732
9275,3.0,localNorthVancouver,754
9275,4.0,Roly M,716
9277,5.0,hikers5152,418
9278,4.0,Daniel M,755
9278,4.0,kariandkyle,446
9281,3.0,Daniel M,755
9281,2.0,alwaysdreamin1965,756
9281,4.0,Richard L,757
9281,3.0,NancylovesOttawa,758
9282,5.0,Jane C,759
9282,5.0,Dawn C,183
9282,5.0,Patti C,548
9282,5.0,Linda R,760
9283,5.0,Connie B,1
9283,5.0,Jane C,759
9283,3.0,Jeanne323,761
9290,3.0,403Kit,762
9291,4.0,jipig2016,763
9292,4.0,TravellingTFP,764
9293,3.0,hurraynh,765
9294,5.0,hurraynh,765
9296,5.0,TravellingTFP,764
9296,4.0,klodio,47
9304,5.0,MarilynBB,766
9315,5.0,margie smith,547
9315,4.0,margieleb,514
9315,5.0,Sarah S,767
9315,4.0,Wendy M,768
9315,4.0,Shelly M,431
9315,3.0,prudenttrav,769
9316,4.0,Vecchio John S,350
9316,2.0,Patrick M,316
9316,4.0,Stefan P,178
9316,5.0,Rod H,770
9316,5.0,amberlynn1956,771
9316,4.0,Pauline D,772
9317,3.0,tripsofstephanie,486
9317,4.0,nomad_timo,773
9317,4.0,laandrews,534
9317,4.0,JoB,774
9317,5.0,Jamie C,775
9317,5.0,christinegoguen,776
9317,5.0,JoefromNS,777
9317,4.0,Wendy M,768
9317,4.0,Guest102412,778
9318,5.0,Stephane M,715
9318,5.0,christinegoguen,776
9318,5.0,Carly M,94
9318,4.0,Guest102412,778
9318,5.0,Abquog,779
9319,2.0,nomad_timo,773
9319,2.0,Sarah S,767
9319,4.0,OneTipster,396
9319,5.0,undefined,36
9319,4.0,Meldoll1,188
9319,3.0,GPohl,515
9319,4.0,Judai,780
9319,3.0,MichelleGee8,781
9320,4.0,Birgit G,782
9321,5.0,Barbara W,524
9321,3.0,Marlene B,724
9321,1.0,Jamie C,775
9321,3.0,Robby_Cristian,783
9321,2.0,Tallsally2323,425
9323,5.0,SailorAirman,147
9323,5.0,SKgirl,784
9323,4.0,nana112016,785
9323,4.0,BarbLH,786
9323,4.0,Ron O,641
9323,3.0,Wendy M,768
9323,5.0,Meldoll1,188
9323,5.0,amberlynn1956,771
9323,5.0,Rie760,787
9323,4.0,Chris F,788
9323,4.0,trhattan,362
9323,5.0,supermario0810,789
9323,4.0,redrider53,59
9323,3.0,Matt T,421
9323,4.0,drdroad,366
9323,3.0,alwaysdreamin1965,756
9323,4.0,Powel C,790
9323,3.0,Christoforus,374
9323,4.0,Alice T,791
9323,4.0,undefined,36
9323,4.0,Lyndasue_11,530
9323,5.0,MTLEurope,792
9324,5.0,IrishCream,195
9326,5.0,skibumFernie,793
9329,5.0,TimeshareVon,384
9329,5.0,Griffibob,196
9329,4.0,joecv5,455
9329,5.0,happytrails91,794
9330,4.0,JoB,774
9330,3.0,Redsanurse,795
9330,1.0,Emmanuel_Germain,576
9331,5.0,Minne B,796
9331,5.0,Wei H,454
9331,5.0,undefined,36
9343,5.0,JavaMama75,259
9343,3.0,twinkletoes5477,797
9343,4.0,Lorraine T,798
9343,4.0,Jason W,664
9343,4.0,Tabby Kelly O,799
9343,4.0,satogle,800
9343,4.0,Sirus2007,801
9343,4.0,juliapoplawski,802
9343,3.0,Cindy E,803
9343,4.0,FromTheKootenays,804
9343,3.0,westcanguy,122
9343,4.0,BlackberryBoy,805
9343,5.0,2Nikkels,700
9343,5.0,jfk154933,806
9343,4.0,ellejames,591
9343,3.0,Janet T,807
9343,5.0,Sharon V,808
9343,4.0,undefined,36
9343,4.0,traveller144,809
9343,4.0,George R,810
9343,2.0,916dougd,811
9343,5.0,Hilford B,100
9344,5.0,AYE,812
9344,5.0,Carrie R,813
9344,4.0,Wendy V,814
9344,5.0,travelinjack64,815
9344,5.0,carolyn v,816
9344,5.0,Rick G,817
9344,5.0,LilGeo73,818
9344,4.0,Dianne T,819
9344,4.0,X2867XXpaulk,820
9344,5.0,Venus P,821
9344,5.0,354valeriea,822
9344,5.0,Mary W,823
9344,3.0,cheryl B,824
9344,5.0,Sherpa65148450941,825
9344,5.0,Michelle K,826
9344,4.0,Brenda M,827
9344,5.0,Brian L,828
9344,4.0,Hkins,829
9344,5.0,Ray K,830
9344,4.0,Resort09852770219,831
9344,5.0,Journey06947676337,832
9344,5.0,sheryl l,833
9344,5.0,Wanderer32449257381,834
9344,5.0,RaistlinV,835
9344,4.0,terbez72,331
9344,4.0,Deb E,836
9344,4.0,mdrivel,837
9344,4.0,Ruth M,699
9344,5.0,I839EN,838
9344,4.0,c0mpassi0nate,839
9344,4.0,amymX6451bg2018,840
9344,5.0,mac3670,841
9344,5.0,Gordon S,842
9344,5.0,brendasavage571,843
9344,2.0,Ibrahim A,844
9344,5.0,Thomas T,845
9344,4.0,Cindy C,846
9344,3.0,danniedee21,847
9344,5.0,brimakosiej42,848
9344,5.0,samanthaagnew2018,849
9344,5.0,Storyteller797702,850
9344,4.0,Sherryg27,851
9344,5.0,h2hinstitute2018,852
9344,5.0,kjvhardk,853
9344,4.0,mgsflatout,854
9344,5.0,Aidys-Mum,855
9344,5.0,Elffie Z,856
9344,3.0,Clark60,857
9344,5.0,markfox0964,858
9344,4.0,HK_Bun,859
9344,4.0,fionalouiselaw,860
9344,5.0,Anamaria S,861
9344,5.0,lesliedeannamctavish,862
9344,5.0,laurs614,863
9344,5.0,Linda S,864
9344,4.0,Debbie J,865
9344,3.0,akulp217185,866
9344,5.0,jessieloseth,867
9344,5.0,jenniezhang6,868
9344,1.0,17spike,869
9344,5.0,myrnacarrier,870
9344,4.0,Marcie E,871
9344,5.0,jeanine25252018,872
9344,4.0,dhask2018,873
9344,4.0,aclaire82,874
9344,4.0,sh00shie,875
9344,4.0,wayne435,876
9344,4.0,motherdaughtertrip14,877
9344,5.0,552seank,878
9344,3.0,hvirde577072,879
9344,4.0,758shelleyf,880
9344,5.0,Harvey A,881
9344,5.0,O455FFsharonf,882
9344,5.0,Brittany P,883
9344,5.0,N6716ZQjohnt,884
9344,5.0,Johanna O,885
9344,4.0,Busycontentedma2,886
9344,4.0,jiji2018,887
9344,5.0,amyd2018,888
9344,5.0,visitkids,889
9344,5.0,rmistr_410931,890
9344,5.0,Robert P,891
9344,5.0,Kim S,137
9344,3.0,Wanderer543425,892
9344,4.0,Linda M,893
9344,4.0,A4956DOdavidb,894
9344,4.0,Beverley S,895
9344,5.0,Dorian L,896
9344,5.0,jean L,897
9344,3.0,V718JUsharonm,898
9344,4.0,agneswingyinl,899
9344,5.0,Sharon N,900
9344,5.0,lindsaya31,901
9344,5.0,irenei989,902
9344,5.0,Ron C,903
9344,5.0,M1241HKdaniellew,904
9344,5.0,Melia W,905
9344,5.0,Rosbo10,906
9344,3.0,nealg200,907
9344,5.0,djdrennan,908
9344,5.0,barbarasT5561KY,909
9344,5.0,grizzlygreta,910
9344,5.0,ugonnaeatthat,911
9344,3.0,TotallyMyRealName,912
9344,1.0,xman0204,913
9344,4.0,RinCanada,914
9344,2.0,GinaZ41,915
9344,5.0,mariatQ7663QJ,916
9344,4.0,pxsmith,917
9344,5.0,michaelhY4245BH,918
9344,4.0,r0berts209,919
9344,5.0,Tina S,920
9344,3.0,dgordon2016,921
9344,5.0,958lyleh,922
9344,5.0,33dorothym,923
9344,5.0,N_M616,924
9344,5.0,PAR1BC,925
9344,5.0,SojournerJean,926
9344,4.0,zergling13,927
9344,5.0,edk464,928
9344,4.0,Anna C,929
9344,5.0,mog2012,930
9344,4.0,Ralphetta88,931
9344,1.0,AlbertaGirl22,932
9344,5.0,Lora S,626
9345,4.0,curlergirl,103
9345,5.0,JoAnnSp,128
9345,5.0,SteamRestoration,933
9345,5.0,Linda T,934
9345,5.0,MichelleGee8,781
9346,5.0,whyme424,935
9346,5.0,Wanderlust_Bee,936
9346,5.0,Norm M,937
9346,5.0,916dougd,811
9347,5.0,Steve B,938
9347,5.0,deb m,939
9347,5.0,hvklassen,940
9347,5.0,hiker017,941
9348,3.0,Gretz,942
9348,4.0,Josh Wilderness,943
9348,3.0,Look4-2,944
9348,3.0,Bobbi81,945
9348,3.0,undefined,36
9348,4.0,EagerB,946
9348,3.0,KimJackC,643
9348,5.0,callted,456
9348,4.0,jerry e,947
9348,5.0,courtenayclendenning,948
9348,4.0,Pastorash,949
9348,3.0,RonAKA,269
9348,3.0,ThorneBirdGT,950
9348,5.0,Kim S,137
9348,5.0,Pauline O,951
9348,3.0,Nadine D,672
9348,4.0,Lynda D,589
9348,1.0,Tiffany T,952
9349,5.0,Passepartout-007,953
9349,1.0,434vernaj,954
9349,3.0,Vester2011,955
9349,2.0,FromTheKootenays,804
9349,3.0,Chantel W,956
9349,4.0,Nolpreen,265
9349,4.0,Claude L,565
9349,4.0,Colette L,957
9349,2.0,Tiffany T,952
9349,4.0,Shari R,958
9350,4.0,juliapoplawski,802
9350,5.0,Brian E,959
9350,4.0,Wainwrp,960
9351,5.0,AYE,812
9351,5.0,Carrie R,813
9351,4.0,Wendy V,814
9351,5.0,travelinjack64,815
9351,5.0,carolyn v,816
9351,5.0,Rick G,817
9351,5.0,LilGeo73,818
9351,4.0,Dianne T,819
9351,4.0,X2867XXpaulk,820
9351,5.0,Venus P,821
9351,5.0,354valeriea,822
9351,5.0,Mary W,823
9351,3.0,cheryl B,824
9351,5.0,Sherpa65148450941,825
9351,5.0,Michelle K,826
9351,4.0,Brenda M,827
9351,5.0,Brian L,828
9351,4.0,Hkins,829
9351,5.0,Ray K,830
9351,4.0,Resort09852770219,831
9351,5.0,Journey06947676337,832
9351,5.0,sheryl l,833
9351,5.0,Wanderer32449257381,834
9351,5.0,RaistlinV,835
9351,4.0,terbez72,331
9351,4.0,Deb E,836
9351,4.0,mdrivel,837
9351,4.0,Ruth M,699
9351,5.0,I839EN,838
9351,4.0,c0mpassi0nate,839
9351,4.0,amymX6451bg2018,840
9351,5.0,mac3670,841
9351,5.0,Gordon S,842
9351,5.0,brendasavage571,843
9351,2.0,Ibrahim A,844
9351,5.0,Thomas T,845
9351,4.0,Cindy C,846
9351,3.0,danniedee21,847
9351,5.0,brimakosiej42,848
9351,5.0,samanthaagnew2018,849
9351,5.0,Storyteller797702,850
9351,4.0,Sherryg27,851
9351,5.0,h2hinstitute2018,852
9351,5.0,kjvhardk,853
9351,4.0,mgsflatout,854
9351,5.0,Aidys-Mum,855
9351,5.0,Elffie Z,856
9351,3.0,Clark60,857
9351,5.0,markfox0964,858
9351,4.0,HK_Bun,859
9351,4.0,fionalouiselaw,860
9351,5.0,Anamaria S,861
9351,5.0,lesliedeannamctavish,862
9351,5.0,laurs614,863
9351,5.0,Linda S,864
9351,4.0,Debbie J,865
9351,3.0,akulp217185,866
9351,5.0,jessieloseth,867
9351,5.0,jenniezhang6,868
9351,1.0,17spike,869
9351,5.0,myrnacarrier,870
9351,4.0,Marcie E,871
9351,5.0,jeanine25252018,872
9351,4.0,dhask2018,873
9351,4.0,aclaire82,874
9351,4.0,sh00shie,875
9351,4.0,wayne435,876
9351,4.0,motherdaughtertrip14,877
9351,5.0,552seank,878
9351,3.0,hvirde577072,879
9351,4.0,758shelleyf,880
9351,5.0,Harvey A,881
9351,5.0,O455FFsharonf,882
9351,5.0,Brittany P,883
9351,5.0,N6716ZQjohnt,884
9351,5.0,Johanna O,885
9351,4.0,Busycontentedma2,886
9351,4.0,jiji2018,887
9351,5.0,amyd2018,888
9351,5.0,visitkids,889
9351,5.0,rmistr_410931,890
9351,5.0,Robert P,891
9351,5.0,Kim S,137
9351,3.0,Wanderer543425,892
9351,4.0,Linda M,893
9351,4.0,A4956DOdavidb,894
9351,4.0,Beverley S,895
9351,5.0,Dorian L,896
9351,5.0,jean L,897
9351,5.0,hvklassen,940
9351,3.0,V718JUsharonm,898
9351,4.0,agneswingyinl,899
9351,5.0,Sharon N,900
9351,5.0,lindsaya31,901
9351,5.0,irenei989,902
9351,5.0,Ron C,903
9351,5.0,M1241HKdaniellew,904
9351,5.0,Melia W,905
9351,5.0,Rosbo10,906
9351,3.0,nealg200,907
9351,5.0,djdrennan,908
9351,5.0,barbarasT5561KY,909
9351,5.0,grizzlygreta,910
9351,5.0,ugonnaeatthat,911
9351,3.0,TotallyMyRealName,912
9351,4.0,RinCanada,914
9351,2.0,GinaZ41,915
9351,5.0,mariatQ7663QJ,916
9351,4.0,pxsmith,917
9351,5.0,michaelhY4245BH,918
9351,4.0,r0berts209,919
9351,5.0,Tina S,920
9351,3.0,dgordon2016,921
9351,5.0,958lyleh,922
9351,5.0,33dorothym,923
9351,5.0,N_M616,924
9351,5.0,PAR1BC,925
9351,5.0,SojournerJean,926
9351,4.0,zergling13,927
9351,5.0,edk464,928
9351,5.0,Jessa J,961
9351,4.0,Lucas M,962
9351,4.0,Anna C,929
9351,5.0,mog2012,930
9351,4.0,Ralphetta88,931
9351,1.0,AlbertaGirl22,932
9351,5.0,Lora S,626
9352,3.0,Vester2011,955
9352,1.0,undefined,36
9352,1.0,Chantel W,956
9352,1.0,ITcredible,963
9353,5.0,Pastorash,949
9353,5.0,Tammy M,685
9353,5.0,jlj0511,964
9364,4.0,RobynG178,965
9364,1.0,ITcredible,963
9370,3.0,Ms_OffTheBeatenPath,499
9371,5.0,Kimberly J,966
9371,4.0,snowmeiser,967
9371,4.0,Sharonbader,249
9371,4.0,Swoonsong,968
9371,5.0,margiemcp,969
9371,4.0,energizer090,268
9373,5.0,Peter F,134
9373,4.0,Titannia99,970
9373,5.0,Sirus2007,801
9373,3.0,BobFarr2000,971
9373,4.0,Travel_Reflections,972
9373,5.0,WizardBristol,361
9373,5.0,w d,973
9373,2.0,azzure,974
9373,4.0,William V,606
9373,5.0,Matt C,975
9373,4.0,Mog,976
9373,4.0,Gretz,942
9373,4.0,cwill4573,977
9373,5.0,LilGeo73,818
9373,4.0,John N,978
9373,5.0,mrs_aqualad,979
9373,3.0,longtravel09,980
9373,5.0,looseink,981
9373,5.0,Terry H,982
9373,4.0,FunOnly,983
9374,5.0,anjgrant,984
9374,5.0,Nolpreen,265
9374,5.0,Kristan P,985
9374,5.0,karenbr67,986
9374,5.0,L0uise14,987
9374,5.0,mnratch,988
9374,5.0,Elizabeth2859,989
9374,5.0,Terry B,990
9374,5.0,Daddygord,991
9374,5.0,ColbertGD,992
9374,5.0,Mike D,125
9374,5.0,CityMice,993
9374,4.0,Victoria K,994
9374,4.0,Harri H,995
9374,5.0,Johannes K,996
9374,4.0,paurider,997
9374,5.0,westerley,998
9374,5.0,CheriM-W,999
9374,5.0,HonugirlHawaii,1000
9375,4.0,Gerry W,435
9375,4.0,Ttmk,1001
9375,4.0,wesco1951,1002
9376,5.0,Terry B,990
9376,3.0,Candi H,1003
9376,5.0,PSiemens,1004
9376,5.0,FamilyoffourKent,1005
9376,4.0,Suzi_mom,1006
9376,4.0,Papa David,1007
9376,5.0,Linda T,934
9376,3.0,Matt,1008
9376,4.0,Ted M,1009
9376,5.0,Norbert S,1010
9376,5.0,CoolCouple99,1011
9376,4.0,Gretz,942
9376,5.0,Ken R,1012
9377,5.0,PSiemens,1004
9377,5.0,Kyle-Sarah88,1013
9377,5.0,Sammy Z,1014
9377,5.0,Elizabeth2859,989
9377,5.0,TravellingMariner,1015
9377,5.0,CalgaryMarcoPolo,107
9377,4.0,lchjr,687
9377,5.0,Drue I,686
9377,5.0,ColbertGD,992
9377,5.0,Allan A,1016
9377,5.0,GrandmaGoldwing,250
9377,5.0,mrs_aqualad,979
9377,5.0,undefined,36
9377,4.0,jlj0511,964
9378,4.0,jenjensavage,1017
9378,5.0,Melissa A,1018
9378,4.0,Saturn01,1019
9378,5.0,Tizmania,1020
9378,4.0,Jocelyn V,1021
9378,5.0,Gerry W,435
9378,5.0,Ttmk,1001
9378,5.0,Edna21_12,1022
9378,5.0,Steve L,1023
9379,5.0,Christoph F,229
9379,3.0,jessieCanada,1024
9379,4.0,EdmontonDisneyfan,1025
9379,3.0,Thundanutts,1026
9379,5.0,MarkfromAB,1027
9379,5.0,tromponya,1028
9379,5.0,Marigold1012,1029
9381,2.0,Bob C,1030
9381,4.0,Verbz,136
9381,4.0,Kimberly J,966
9381,3.0,Gretz,942
9381,4.0,Sielah,1031
9381,1.0,Matt C,975
9381,4.0,jenjensavage,1017
9381,3.0,Greyfeathers47,1032
9381,4.0,Dan G,1033
9382,3.0,greg h,1034
9382,5.0,Eric D,1035
9382,4.0,Purton_Stoke_Travel,1036
9382,4.0,maddie4bc,270
9382,4.0,Tatiana M,1037
9382,4.0,Karen L,1038
9382,5.0,ChiefKalamalka,1039
9382,5.0,Matt J,1040
9382,5.0,Elizabeth2859,989
9382,4.0,Stephanie Bremer,1041
9382,5.0,tdubya_12,1042
9382,4.0,Goldie50,546
9382,5.0,Greyfeathers47,1032
9382,3.0,Bethany T,504
9382,5.0,runningbeat,1043
9382,4.0,Noelle H,616
9382,4.0,TC0044,580
9382,3.0,pjdm,1044
9383,5.0,lumublu,1045
9383,4.0,Daphne C,1046
9383,1.0,mrspaulh,223
9384,5.0,Sarah Q,1047
9384,5.0,Aileen B,327
9386,4.0,kcchambers,1048
9386,4.0,Melissa A,1018
9387,2.0,Gzowski,660
9387,1.0,Jeannine S,1049
9387,2.0,z24pride,1050
9387,3.0,dmpeng,741
9387,3.0,Doug E,1051
9388,4.0,TommyAllen,189
9388,1.0,Jeannine S,1049
9388,5.0,Penny D,1052
9388,3.0,teds72m,1053
9388,5.0,Bill S,1054
9388,5.0,Stacey K,1055
9388,5.0,BR4London,1056
9388,4.0,SheilaLastname,734
9388,4.0,islandlorna2,1057
9389,4.0,Herman B,1058
9389,4.0,vandenheja,1059
9389,5.0,ecgrossett,428
9389,3.0,TorontoPino,1060
9391,4.0,Herman B,1058
9392,1.0,sydaus3,1061
9392,5.0,Canada-TourDirector,1062
9392,5.0,trainfan2000,313
9392,4.0,Linda Margaret,549
9392,4.0,MJP695rue,365
9392,3.0,C W,1063
9392,4.0,John S,433
9392,4.0,TXLuv2Travel,408
9392,2.0,Denise C,1064
9392,5.0,Flocy D,494
9392,4.0,teds72m,1053
9392,4.0,jays201517,1065
9392,5.0,joe d,41
9392,5.0,theseoldroads,500
9392,4.0,Roger S,468
9392,5.0,iamzeke,301
9393,5.0,Todd T,1066
9393,4.0,AyaReiko,484
9393,5.0,luckysunnystar,392
9394,5.0,Peter B,473
9394,5.0,Lynda E,298
9394,5.0,melindatownsend,1067
9394,4.0,Indie75,415
9394,5.0,C W,1063
9394,1.0,Roadrat1948,1068
9394,5.0,Harrods4,464
9394,4.0,Landrys05,1069
9394,5.0,Eatlocaldamo,1070
9394,5.0,pwohara,1071
9394,4.0,aeroplus,32
9394,4.0,TrapsterX,387
9394,4.0,Patti L,551
9394,5.0,Rosemary M,1072
9394,3.0,Frank Y,1073
9394,4.0,MrsWeedy,378
9394,3.0,Marc R,186
9394,4.0,MPR1967,1074
9394,4.0,graceNewBrunswick,1075
9395,4.0,Bernie P,355
9395,4.0,Omar M,1076
9395,4.0,Foxguy,1077
9395,3.0,HFids,1078
9395,5.0,MrsPacker54,305
9395,4.0,Chloe D,545
9395,4.0,DebbieD60,409
9396,4.0,ProducermanAtlanta,510
9396,5.0,scotiajim,439
9396,5.0,VancouverLil,495
9396,4.0,ebtb,33
9396,4.0,janet g,309
9396,4.0,Paul S,417
9396,4.0,JandKPreston,1079
9396,5.0,Shobana T,488
9396,4.0,Jean Francois R,1080
9396,5.0,MtlTraveler01,1081
9396,4.0,TSaleswoman,1082
9397,3.0,Angela S,314
9397,3.0,Rie760,787
9397,4.0,jipig2016,763
9397,5.0,melindatownsend,1067
9397,4.0,riley1204,1083
9397,3.0,WHMeg,318
9397,5.0,Judai,780
9397,1.0,Eatlocaldamo,1070
9397,5.0,ComstockJL,496
9397,4.0,Cheryl R,472
9397,4.0,J9257,43
9397,2.0,shallah j,537
9397,4.0,JandKPreston,1079
9397,5.0,Todd T,1066
9397,4.0,Concoa,296
9397,3.0,MtlTraveler01,1081
9398,4.0,sylvie l,376
9398,3.0,Rie760,787
9398,5.0,David W,740
9398,4.0,Shelly M,431
9398,4.0,woodeye66,1084
9398,3.0,PepperGrinder_2,528
9398,5.0,AirCanada5,539
9398,3.0,SandySue123,1085
9398,3.0,jays201517,1065
9398,4.0,Charles G,193
9398,5.0,MTLEurope,792
9398,5.0,Archangelsgirl,246
9398,3.0,ametsound,747
9399,4.0,Pomacentrus,1086
9399,4.0,thegrandstan,744
9400,4.0,HariSeldon2,1087
9400,4.0,Goven,1088
9400,5.0,STinMB,1089
9401,5.0,CalgaryGirlYYC,1090
9402,5.0,Kevin F,1091
9402,4.0,bneenut,349
9402,3.0,RobynG178,965
9402,3.0,Kelsey L,1092
9403,5.0,Geoff C,1093
9403,4.0,jenmc74,633
9403,5.0,Ed H,1094
9403,5.0,Gerry W,435
9403,5.0,mkoehn,1095
9403,5.0,PimDutch,604
9403,4.0,Gordon G,1096
9403,4.0,Winderbelle,1097
9403,3.0,TravelNotTourism,1098
9403,4.0,tdubya_12,1042
9403,3.0,John N,978
9403,5.0,Mcnotmac,1099
9403,5.0,29jrh,1100
9403,5.0,buffalodude,1101
9403,4.0,poppy01calgary,1102
9403,4.0,Susan B,1103
9403,5.0,Oilsandsgal,1104
9403,5.0,christinamh28,1105
9403,4.0,Tom P,1106
9403,5.0,Eric D,1035
9404,5.0,barkleymydog,1107
9404,4.0,Dale H,1108
9404,4.0,Franki K,1109
9404,3.0,trevg446,1110
9404,4.0,Lynda D,589
9404,5.0,RobTor,637
9404,4.0,Dan S,444
9404,3.0,rjspeight,1111
9404,4.0,Linda L,213
9406,3.0,Tyler_RobbNashTour,1112
9406,3.0,jaykay99,194
9407,3.0,poppy01calgary,1102
9407,2.0,Deina0803,1113
9407,4.0,MarkfromAB,1027
9407,5.0,Lisa Marie H,1114
9407,2.0,albertaroadtripper,1115
9407,3.0,marinas859,1116
9407,3.0,noname021,1117
9407,5.0,keepitsouth,1118
9407,4.0,ken m,1119
9407,5.0,Brian G,1120
9407,5.0,Shell1384,1121
9407,3.0,Jordan F,1122
9408,5.0,OmanRob,1123
9408,5.0,CalgaryGirlYYC,1090
9408,5.0,Edna21_12,1022
9408,5.0,HughWhitehorseYT,1124
9409,3.0,Matt,1008
9409,5.0,Franki K,1109
9409,4.0,Winderbelle,1097
9409,5.0,Daryl G,1125
9409,5.0,hockeymom89,1126
9409,3.0,azzure,974
9409,4.0,HariSeldon2,1087
9409,5.0,christinamh28,1105
9409,5.0,hikerpals,1127
9411,5.0,SafetyBob2015,1128
9411,5.0,Navonodfn,1129
9412,5.0,Andrew I,442
9412,1.0,sydaus3,1061
9412,4.0,roderickm19,1130
9413,5.0,jude8655,1131
9413,3.0,GEOS30,1132
9413,5.0,Kevin F,1091
9413,5.0,jessieCanada,1024
9413,5.0,SuperDave47,681
9414,5.0,Kara7980,1133
9414,4.0,jnhower,1134
9414,4.0,cgy_mission,1135
9414,3.0,WarPaintWithYoga,1136
9414,4.0,candycats,583
9414,2.0,Trinity C,1137
9414,4.0,Hazel R,1138
9414,4.0,saberus,1139
9414,4.0,Tom H,1140
9414,4.0,ktharg,1141
9414,2.0,TimMad,1142
9414,5.0,Viola O,1143
9414,3.0,Andy C,1144
9414,4.0,CanuckAlberta,1145
9414,5.0,Bernard E,592
9414,5.0,Girl123cdn,659
9414,4.0,PJGC,1146
9414,2.0,Donna M,1147
9414,4.0,Douglas B,1148
9414,5.0,dsh00ya,1149
9414,5.0,Dan M,83
9414,3.0,candpmommy,1150
9414,5.0,Todd154921,253
9414,4.0,Stinger55,1151
9414,3.0,Jacalope,1152
9414,2.0,johncrawcarp,1153
9414,5.0,travellfar,1154
9414,5.0,MPR1967,1074
9414,4.0,TSaleswoman,1082
9414,3.0,hardern,44
9414,3.0,bensagle,207
9415,4.0,CatharinaApple,684
9416,4.0,123canadiangirl123,1155
9416,3.0,I_Roam_AB,1156
9416,2.0,Luvstobake,1157
9416,5.0,Debbie054,130
9416,5.0,BobFarr2000,971
9416,5.0,Susan B,1103
9416,5.0,Victor A,1158
9416,5.0,BruceT1964,1159
9416,5.0,travellingshow2013,1160
9416,2.0,corcarb,1161
9416,5.0,Parents of 3 Boyz,1162
9416,4.0,Calvin S,1163
9416,4.0,LLStruik,1164
9416,5.0,rocketman000,1165
9416,3.0,Gordon B,1166
9417,3.0,Marites8,635
9417,4.0,Ed S,601
9417,5.0,Babar T,1167
9417,4.0,panbk4g,1168
9417,1.0,33Molley,1169
9417,5.0,CanadianRealtor,1170
9417,2.0,Randy M,1171
9417,4.0,AKMini,674
9417,4.0,Cyndi M,1172
9417,4.0,Sharon M,652
9417,3.0,Jo-Anne and Mel M,1173
9417,4.0,Honda185,1174
9417,4.0,DougofCalgary,1175
9417,4.0,undefined,36
9417,3.0,CowtownSoccer,1176
9417,4.0,Dwayne L,1177
9417,5.0,C S,1178
9417,4.0,Conrad P,1179
9417,3.0,Philip P,1180
9417,3.0,Bernard E,592
9418,5.0,claire t,517
9418,1.0,jeannieanne,381
9418,2.0,CRWPG,1181
9418,2.0,WarPaintWithYoga,1136
9418,5.0,Sabrina C,1182
9418,2.0,DIZZY82,78
9418,5.0,Pauline O,951
9418,3.0,pdoug72,1183
9418,3.0,Goven,1088
9418,4.0,13McMurray,1184
9418,3.0,kcchambers,1048
9418,3.0,undefined,36
9418,3.0,candpmommy,1150
9418,4.0,meenamara,1185
9418,3.0,Jacalope,1152
9418,3.0,CanadianLady11,1186
9418,4.0,dice401,1187
9418,4.0,TJandTR,110
9419,5.0,O9692SDdavidw,1188
9419,4.0,33Molley,1169
9419,3.0,undefined,36
9419,2.0,MyleHigh,86
9419,5.0,Alfred K,671
9419,1.0,baudley,581
9419,4.0,charadam2018,1189
9419,4.0,DonnaL428278,1190
9419,4.0,yaletowners,1191
9419,4.0,Sarah Q,1047
9419,3.0,nloughead,1192
9419,4.0,glena878,1193
9419,3.0,Randolph T,1194
9419,5.0,holidaymaker1955,1195
9419,3.0,CARIBBOB,1196
9420,4.0,Titannia99,970
9420,5.0,BenLar137,1197
9420,4.0,Dave N,1198
9420,5.0,JPH_21,1199
9420,4.0,Tom H,1140
9421,3.0,undefined,36
9421,2.0,Kara7980,1133
9421,3.0,Eric C,1200
9421,3.0,Nicole P,599
9421,4.0,cgy_mission,1135
9421,3.0,jenle78,1201
9421,2.0,Lloyd C,1202
9421,5.0,Amanda H,582
9421,2.0,jcsch,1203
9421,2.0,Rick H,1204
9421,4.0,PAUL L,1205
9421,3.0,Cindy E,803
9421,2.0,karenoT9181RY,1206
9421,2.0,calvin b,1207
9421,3.0,James H,1208
9421,3.0,john h,93
9422,5.0,CalJay,1209
9422,4.0,D'Arcy E. Barker,1210
9422,1.0,Gordon G,1096
9422,4.0,Alfred K,671
9422,3.0,jcsch,1203
9422,2.0,pdoug72,1183
9422,3.0,hppytrvls,1211
9422,5.0,undefined,36
9422,5.0,Cactus0,1212
9422,3.0,I_Roam_AB,1156
9423,4.0,Viola O,1143
9423,5.0,Richelle’s Nana,1213
9423,2.0,corcarb,1161
9423,4.0,PsychRN12,1214
9423,3.0,GEOS30,1132
9423,3.0,satogle,800
9423,1.0,Sabrina C,1182
9423,4.0,TapAway,1215
9423,1.0,metaungulate,1216
9423,4.0,canadianquebecer,1217
9423,3.0,Donna M,1147
9423,1.0,CowtownSoccer,1176
9423,1.0,karenoT9181RY,1206
9423,4.0,travellfar,1154
9423,3.0,James L,1218
9423,1.0,123canadiangirl123,1155
9423,2.0,Andy C,1144
9423,4.0,CdnMink,1219
9423,1.0,Patrick T,1220
9423,5.0,JeannieSmallTown,531
9423,5.0,buffalodude,1101
9423,4.0,Steve F,1221
9423,3.0,kkroe77,1222
9423,3.0,Look4-2,944
9423,5.0,Harvey C,158
9423,3.0,gator71,1223
9423,5.0,pdoug72,1183
9423,3.0,Danielle0720,1224
9423,4.0,Ashley,569
9423,4.0,beachfun10,1225
9424,3.0,kkroe77,1222
9424,3.0,Ben_From_Been_there,1226
9424,4.0,undefined,36
9424,4.0,Dale H,1108
9424,3.0,Liz730053,1227
9424,3.0,jenle78,1201
9424,2.0,rcm682,1228
9424,4.0,Coachfitz,1229
9424,3.0,TrueCanucks,658
9424,3.0,Fundom64,1230
9424,3.0,Lucas M,962
9424,3.0,Tripsterchick,1231
9424,3.0,Eswina N,1232
9425,5.0,baudley,581
9425,4.0,ToddMiki,1233
9426,3.0,Andrew N,1234
9426,3.0,Ben_From_Been_there,1226
9427,5.0,Edward B. S,1235
9427,4.0,dreamingofgreece,1236
9427,5.0,Stanley F,557
9427,4.0,travellingshow2013,1160
9427,4.0,jnhower,1134
9427,5.0,Jdabroad56,1237
9427,4.0,Snoozie P,1238
9427,4.0,James L,1218
9427,3.0,mydogjane,1239
9427,4.0,Hazel R,1138
9427,1.0,TimMad,1142
9427,4.0,ernie b,1240
9427,3.0,Canmoretravelbugs,466
9427,5.0,Lloyd C,1202
9427,2.0,DougofCalgary,1175
9427,4.0,metaungulate,1216
9427,4.0,Mike V,1241
9428,3.0,Janet T,807
9428,4.0,Bonnie W,264
9428,3.0,Karen L,1038
9428,4.0,Snoozie P,1238
9428,4.0,Doug E,1051
9428,4.0,Victoria K,994
9428,3.0,Sandandsunshine,1242
9428,3.0,97Z28,1243
9428,5.0,Rick H,1204
9428,5.0,gilb112016,1244
9428,4.0,Cindy E,803
9428,4.0,Powick,1245
9428,5.0,CanadianGoesAbroad,1246
9428,4.0,Goven,1088
9428,3.0,Canmoretravelbugs,466
9428,4.0,Eswina N,1232
9428,4.0,undefined,36
9428,4.0,J&W,1247
9428,2.0,CanadianLady11,1186
9428,5.0,g0neaway,51
9429,4.0,Jzjsolo,210
9429,3.0,kitten50,490
9429,5.0,wardgarner,1248
9429,5.0,Brent M,1249
9429,5.0,Jdabroad56,1237
9430,4.0,mydogjane,1239
9430,4.0,Powick,1245
9430,5.0,CanadianRealtor,1170
9430,3.0,Non-fly,1250
9430,3.0,Nthpy,1251
9437,4.0,JF Bordeleau,1252
9437,4.0,Bush-76BC,1253
9437,5.0,NorthOntNl,1254
9437,4.0,Hogster,1255
9437,5.0,Faizal B,1256
9437,5.0,Dani M,1257
9437,2.0,Maggie M,1258
9437,5.0,TravellingTFP,764
9437,5.0,JALToronto,1259
9437,5.0,restnot,1260
9437,5.0,mightysergei,1261
9437,4.0,Bill S,1054
9437,4.0,Travelling_Queen85,1262
9438,4.0,family050,1263
9438,4.0,OntarioJK5,1264
9438,4.0,Phil835,339
9438,4.0,traveller144,809
9438,5.0,hwick2016,1265
9438,2.0,BimmerM,4
9438,3.0,dkb60,9
9438,4.0,tim v,1266
9438,5.0,ALFREDO G,1267
9439,4.0,Joyce R,1268
9440,4.0,Brendenny,1269
9440,4.0,Samuel B,1270
9441,5.0,JimmyCricket22,1271
9441,5.0,Paula K,1272
9441,4.0,NorthOntNl,1254
9441,5.0,Elaine W,1273
9441,3.0,Kacy W,1274
9442,4.0,Manny G,1275
9442,5.0,Paula K,1272
9442,4.0,hwick2016,1265
9442,5.0,Steven S,1276
9442,5.0,Dani M,1257
9442,4.0,angelina j,1277
9442,4.0,bergdorfblond,1278
9442,4.0,Howard A,1279
9442,4.0,Barrocker,1280
9442,5.0,Brendenny,1269
9442,4.0,ONABUDGETOntario,48
9442,5.0,foxycdn,1281
9442,4.0,Ryan,1282
9442,4.0,Samuel B,1270
9442,5.0,Kevin B,1283
9442,4.0,nickelcitygirl,294
9442,4.0,Sahayoga,1284
9442,2.0,bensagle,207
9442,2.0,Crighton90,1285
9442,5.0,alecandjulie,1286
9443,4.0,Jerry L,1287
9443,2.0,JALToronto,1259
9443,5.0,Elaine W,1273
9443,4.0,prudenttrav,769
9443,4.0,ddoopan D,1288
9443,5.0,barbangi,1289
9443,4.0,Paula K,1272
9443,3.0,Lookingforcomfort,1290
9443,5.0,Vimal-CA,1291
9443,5.0,Maggie M,1258
9443,5.0,Kimberly B,1292
9443,4.0,Harold D,1293
9443,5.0,wiky_6hills,1294
9443,5.0,BR4London,1056
9443,5.0,GT750J,1295
9443,5.0,Faizal B,1256
9443,4.0,family050,1263
9443,5.0,Steven S,1276
9443,4.0,Crighton90,1285
9443,5.0,bergdorfblond,1278
9443,5.0,Travelling_Queen85,1262
9443,5.0,Harvey C,158
9443,5.0,renrenren,1296
9444,3.0,Bush-76BC,1253
9444,4.0,Tabby Kelly O,799
9444,4.0,ddoopan D,1288
9444,4.0,Hogster,1255
9444,4.0,SMO2015,480
9444,4.0,Josh Wilderness,943
9444,2.0,Mathew T,1297
9444,2.0,pwohara,1071
9444,4.0,OntarioJK5,1264
9444,4.0,Ryan,1282
9445,4.0,restnot,1260
9445,2.0,Ryily,39
9445,3.0,undefined,36
9446,2.0,LoriAnn717,1298
9446,4.0,JimmyCricket22,1271
9446,4.0,foxycdn,1281
9448,5.0,Richard L,757
9451,3.0,Forestree,748
9451,2.0,undefined,36
9451,3.0,sylvarstarwolfe2015,1299
9451,3.0,Dave W,1300
9452,1.0,Leafs_Country,489
9454,3.0,Lisa552014,1301
9454,4.0,undefined,36
9454,4.0,Paul J,310
9454,5.0,Crystal L,1302
9454,1.0,Mathew T,1297
9454,3.0,Harold D,1293
9456,4.0,kevin mat g,1303
9456,4.0,Pam-Englehart,1304
9456,5.0,undefined,36
9457,3.0,tdsuperstar,1305
9457,1.0,Crystal L,1302
9457,2.0,Ben S,1306
9457,4.0,renrenren,1296
9457,5.0,Florin M,166
9457,4.0,undefined,36
9457,4.0,Vaughn B,1307
9458,4.0,kevin mat g,1303
9459,5.0,Lisa552014,1301
9459,5.0,Jennifer S,1308
9459,4.0,Bikerbelle B,1309
9459,5.0,cbutera,1310
9459,5.0,undefined,36
9460,1.0,MDD1616,1311
9463,5.0,Jennifer S,1308
9465,5.0,onip1969,1312
9465,4.0,Gordon B,1166
9465,5.0,Neila S,1313
9465,3.0,Stephanie Bremer,1041
9465,4.0,GordWright,1314
9465,5.0,PAABER,1315
9465,4.0,YoungAtHeart64,1316
9466,4.0,caperOttawa_Canada,1317
9466,4.0,Lorie10,693
9466,5.0,jhsheep,208
9466,3.0,Dahlia694,1318
9466,5.0,Alastair_8,1319
9466,5.0,GrandmaGoldwing,250
9467,1.0,Tana R,1320
9467,5.0,williamjG2120KS,1321
9467,4.0,Ross W,5
9467,4.0,William C,115
9467,3.0,JCDown,1322
9467,3.0,Jackie R,1323
9467,4.0,Sue D,410
9467,4.0,curlergirl,103
9467,4.0,TravelOften1968,1324
9467,4.0,PacificSandy,1325
9467,4.0,Philip D,1326
9467,3.0,deeman98,101
9467,4.0,Christopher W,729
9467,4.0,jokelta,1327
9467,4.0,Carrie B,1328
9467,3.0,Neila S,1313
9467,4.0,Helen m,1329
9467,5.0,Tripadviser15,82
9467,3.0,lumeljay1,1330
9467,5.0,jsksy,1331
9468,5.0,Emmett10692,620
9468,4.0,Stuart E,1332
9468,4.0,Andrea M,634
9468,2.0,YoungAtHeart64,1316
9468,4.0,Colette L,957
9468,3.0,PacificSandy,1325
9468,5.0,Tana R,1320
9468,4.0,rachjamie21-1,1333
9468,3.0,PDove,1334
9468,5.0,kmc1971,1335
9468,5.0,VerwoodChurchmouse,219
9468,5.0,lf185758,1336
9468,5.0,Mister K,1337
9468,5.0,92JENNY92,691
9468,5.0,liligloogirl,1338
9468,5.0,NorthernGuy13,168
9468,4.0,muskrat88,257
9468,4.0,hydehaven,1339
9468,4.0,TravellingMariner,1015
9469,5.0,Eric D,1035
9469,3.0,rcm682,1228
9469,3.0,onip1969,1312
9469,2.0,Gilles C,1340
9469,1.0,Kere_M59,1341
9469,3.0,kmc1971,1335
9471,4.0,Tizmania,1020
9471,5.0,Nehal S,1342
9473,5.0,islandrockin,1343
9473,5.0,Capt_S_12,139
9473,5.0,DTH,1344
9473,5.0,Wanderlust_Bee,936
9473,4.0,Gilles C,1340
9473,4.0,Fred J,1345
9478,4.0,Dale H,1108
9478,4.0,William C,115
9478,2.0,timbucktoe,150
9479,1.0,Mike H,88
9479,2.0,Gillian M,1346
9479,3.0,IGH7,140
9481,5.0,hannewenkeler,212
9482,5.0,Dahlia694,1318
9482,5.0,DaveBritishColumbia,141
9482,5.0,Roger P,1347
9482,5.0,amdramhwife,1348
9482,5.0,oaklyn,290
9483,4.0,WestCoastJ,1349
9483,4.0,Dahlia694,1318
9483,5.0,DaveBritishColumbia,141
9483,5.0,Roger P,1347
9484,4.0,Merle B,1350
9484,2.0,HektorHungary,1351
9487,2.0,Liz S,697
9487,3.0,Gilles C,1340
9488,3.0,Albernio,1352
9488,5.0,Pioneer422877,1353
9489,2.0,George R,810
9489,1.0,undefined,36
9489,4.0,JR02014,636
9489,1.0,Pioneer422877,1353
9489,3.0,Jessica G,1354
9489,3.0,PDove,1334
9489,2.0,Mister K,1337
9489,3.0,bhilborn,1355
9489,3.0,linda8201,692
9489,2.0,maddie4bc,270
9490,4.0,shane c,521
9490,4.0,Matt,1008
9490,3.0,westerley,998
9490,2.0,undefined,36
9491,4.0,Donna M,1147
9491,5.0,Geckosgal,116
9491,5.0,Debby68,1356
9491,5.0,dsh00ya,1149
9491,5.0,Jim R,205
9491,4.0,Gail P,1357
9491,4.0,Bob C,1030
9491,4.0,434vernaj,954
9491,5.0,James H,1208
9491,5.0,PenelopeW,1358
9491,4.0,travellfar,1154
9491,4.0,Kristan P,985
9491,3.0,mountainoutin,505
9491,5.0,L0uise14,987
9491,5.0,helenschindel,1359
9491,5.0,Cheryl H,1360
9491,5.0,undefined,36
9491,4.0,Ed H,1094
9491,5.0,SailorAirman,147
9491,4.0,Wandering6,239
9491,4.0,Nicole N,603
9492,2.0,CheriM-W,999
9492,4.0,barkleymydog,1107
9492,4.0,KimJackC,643
9492,2.0,SteamRestoration,933
9492,4.0,ThePolisher,1361
9492,4.0,FootlooseWithKids,1362
9492,5.0,Marie J,1363
9492,4.0,w d,973
9492,4.0,Daddygord,991
9492,2.0,conlesta,1364
9492,4.0,JR_of_Kamloops,453
9492,4.0,Ted M,1009
9492,4.0,Mcnotmac,1099
9492,5.0,Cheryl H,1360
9492,3.0,HonugirlHawaii,1000
9492,5.0,Barbara H,555
9492,4.0,Chicken7209,1365
9492,4.0,Glenn57_25,1366
9492,4.0,LorneInKelowna,1367
9492,4.0,VikLauL,1368
9492,5.0,CanadianCycleTravel,1369
9492,5.0,70Brian44,1370
9492,4.0,johncrawcarp,1153
9493,5.0,jack L,649
9493,4.0,sidneymarwood,1371
9493,5.0,Gerald K,668
9493,4.0,Brigitte M,1372
9493,5.0,MontyCalgary,1373
9493,4.0,SBSweetie,1374
9493,4.0,Dave Kristen O,1375
9493,5.0,Daryl G,1125
9493,5.0,Oilsandsgal,1104
9493,5.0,CanadianCycleTravel,1369
9493,4.0,Cactus0,1212
9493,5.0,Motorcylcler,1376
9493,4.0,hockeymom89,1126
9493,5.0,thegrandstan,744
9493,4.0,Yellowdukk,1377
9493,4.0,Bill R,291
9494,2.0,Clipper02,1378
9494,2.0,wallybee43,1379
9494,3.0,WestCoastJ,1349
9494,4.0,conlesta,1364
9494,4.0,SailorAirman,147
9494,3.0,undefined,36
9494,5.0,Helen m,1329
9494,2.0,Rossana D,1380
9494,4.0,Derek Y,1381
9494,4.0,Angeles,201
9494,5.0,gilb112016,1244
9494,4.0,metaungulate,1216
9494,3.0,Yellowdukk,1377
9494,4.0,ndsci,1382
9494,5.0,Debbie M,1383
9494,3.0,david k,276
9495,5.0,J R,653
9495,5.0,Petrina B,1384
9495,4.0,Nthpy,1251
9496,5.0,CanadianCycleTravel,1369
9496,4.0,Franida,1385
9496,4.0,jimo663,206
9496,4.0,webb,1386
9496,5.0,Dave K,1387
9496,4.0,Purton_Stoke_Travel,1036
9496,5.0,rtsvg,254
9496,4.0,Escape626061,1388
9496,1.0,sidneymarwood,1371
9496,5.0,Murphymutt,1389
9496,3.0,Clipper02,1378
9496,5.0,Lisa Marie H,1114
9496,4.0,WelcomeMat,1390
9496,3.0,Sahayoga,1284
9496,4.0,garbeth77,683
9496,5.0,undefined,36
9497,3.0,Retired-Unretired,1391
9497,5.0,DonnaL428278,1190
9497,4.0,Keith S,1392
9497,3.0,looseink,981
9497,1.0,kimwolcott,1393
9497,1.0,Lisa A,1394
9497,1.0,SteamRestoration,933
9497,5.0,travelinjack64,815
9497,3.0,Carsten S,600
9497,2.0,LorneInKelowna,1367
9497,1.0,HappyTravels1923,612
9497,3.0,albertobrazil,390
9497,3.0,ThePolisher,1361
9497,2.0,gator71,1223
9497,4.0,ajcbill,1395
9498,1.0,sidneymarwood,1371
9498,1.0,Brigitte M,1372
9498,3.0,Swoonsong,968
9498,5.0,Lisa P,1396
9498,4.0,MontyCalgary,1373
9498,4.0,Ms_OffTheBeatenPath,499
9498,5.0,Goldprince,1397
9499,4.0,Non-fly,1250
9499,3.0,Goven,1088
9499,4.0,Chris D,1398
9499,4.0,Powel C,790
9499,3.0,Clipper02,1378
9499,4.0,Dan M,83
9501,3.0,Reginald_Chung,1399
9501,4.0,Dan S,444
9502,3.0,undefined,36
9502,3.0,SailorAirman,147
9502,2.0,Geoff C,1093
9502,1.0,Grant K,1400
9502,4.0,Chris D,1398
9502,4.0,Maryanne M,1401
9502,4.0,David R,17
9502,4.0,DELH,1402
9502,3.0,Henry P,614
9502,4.0,albertobrazil,390
9502,2.0,Johannes K,996
9502,4.0,Robert S,87
9503,4.0,Reginald_Chung,1399
9503,1.0,Maryanne M,1401
9504,5.0,Norm M,937
9504,4.0,Retired-Unretired,1391
9504,5.0,Brian E,959
9504,5.0,helenschindel,1359
9504,5.0,CityMice,993
9504,5.0,Traveller895,1403
9504,5.0,Sammy Z,1014
9504,5.0,Pauline O,951
9504,4.0,Travel_Reflections,972
9504,5.0,sunsnowmud,237
9506,5.0,deb m,939
9506,4.0,Eve_Delta,1404
9506,5.0,judym732017,1405
9506,3.0,heakitt,622
9506,4.0,wesco1951,1002
9506,4.0,Canadiatravelgoddess,1406
9506,3.0,fayo400,286
9506,3.0,29jrh,1100
9506,5.0,Fitzsidu,1407
9506,3.0,sunflowerbc,1408
9506,4.0,apaetow,241
9506,5.0,Kristiina A,1409
9506,4.0,undefined,36
9508,5.0,LeisureTravellers724,1410
9509,1.0,judym732017,1405
9509,1.0,Dan M,83
9509,2.0,canuck2s,648
9509,1.0,sunflowerbc,1408
9509,1.0,Kristiina A,1409
9510,5.0,rammblat,617
9511,5.0,EsmeBC,1411
9512,4.0,jokelta,1327
9513,5.0,rafrnhm,217
9513,5.0,Saturn01,1019
9513,4.0,APTravel101,1412
9515,5.0,Traveller895,1403
9515,5.0,EsmeBC,1411
9516,5.0,skibumFernie,793
9516,5.0,stevepencz,750
9516,5.0,MaryV2X,1413
9516,4.0,Dianne L,1414
9517,5.0,LeisureTravellers724,1410
9519,5.0,Canadiatravelgoddess,1406
9519,5.0,pickascreennamepicka,688
9522,4.0,LovelyRachel,1415
9522,4.0,margiemcp,969
9528,4.0,Kevin A,1416
9531,5.0,Debby S,1417
9531,5.0,timothyp2018,1418
9531,5.0,Miriam T,1419
9531,5.0,Courtney G,1420
9531,4.0,john s,1421
9531,3.0,Wayne C,1422
9531,4.0,Darlene R,752
9531,5.0,Jennifer R,185
9531,4.0,funskigirl,1423
9531,5.0,Vimal-CA,1291
9531,5.0,mysterydogue,55
9531,4.0,Dave & Ana,1424
9531,5.0,Nigel G,749
9531,4.0,maureenedwards,1425
9531,5.0,Kelli M,1426
9531,5.0,cathie717,1427
9531,3.0,Bikerbelle B,1309
9531,4.0,James K,1428
9531,5.0,482andrew2015,1429
9532,5.0,timothyp2018,1418
9532,3.0,Barrocker,1280
9532,4.0,Joey Lauer,1430
9532,3.0,Wayne C,1422
9532,4.0,Tgkav,1431
9532,4.0,James K,1428
9532,4.0,Jerry L,1287
9532,2.0,Catherine P,398
9532,5.0,cathie717,1427
9532,5.0,sylvarstarwolfe2015,1299
9532,4.0,Miriam T,1419
9532,4.0,Howard A,1279
9532,5.0,john s,1421
9532,4.0,rachelwV7694YG,1432
9532,4.0,Grant K,1400
9532,5.0,Debby S,1417
9532,5.0,alecandjulie,1286
9532,5.0,1968tiffany,1433
9532,4.0,Ken H,1434
9533,4.0,Foxguy,1077
9533,3.0,Vaughn B,1307
9533,3.0,Hkloban,1435
9533,4.0,nacho_man10,191
9533,5.0,WDWDonna,751
9533,2.0,CARIBBOB,1196
9533,5.0,Liza156,704
9533,2.0,wiky_6hills,1294
9533,3.0,john s,1421
9533,4.0,undefined,36
9533,3.0,Ben S,1306
9533,5.0,Piper184,1436
9533,3.0,DIrk H,753
9533,4.0,Wayne C,1422
9533,4.0,rwb44,717
9533,5.0,Lookingforcomfort,1290
9534,3.0,funskigirl,1423
9534,1.0,Laura M,1437
9534,1.0,HappyTraveler2cu,1438
9534,3.0,b0b55russell,170
9534,2.0,maureenedwards,1425
9534,4.0,Kacy W,1274
9534,4.0,ALFREDO G,1267
9534,4.0,BCNDWorld,1439
9534,2.0,norules1430,745
9534,3.0,DianneRobertson,315
9534,4.0,NancylovesOttawa,758
9534,4.0,Boris2552,552
9536,4.0,tiffanybond,1440
9536,5.0,Laura M,1437
9536,4.0,Courtney G,1420
9536,5.0,HappyTraveler2cu,1438
9536,4.0,Linda R,760
9536,5.0,482andrew2015,1429
9536,3.0,barbangi,1289
9536,4.0,PLSOntario,726
9536,5.0,Greg D,1441
9536,5.0,Kimberly B,1292
9536,4.0,James K,1428
9536,3.0,james c,1442
9536,5.0,reggaeplus,177
9536,5.0,dmercey,1443
9536,3.0,Dave W,1300
9536,4.0,Kevin P,719
9536,4.0,Tgkav,1431
9536,5.0,angelina j,1277
9536,5.0,GreatDay27,1444
9537,4.0,tiffanybond,1440
9537,3.0,Joyce R,1268
9537,5.0,MarilynBB,766
9537,3.0,undefined,36
9537,4.0,cbutera,1310
9537,5.0,john s,1421
9538,3.0,socrdog,1445
9538,3.0,BCNDWorld,1439
9538,4.0,chab009,426
9538,4.0,Pam-Englehart,1304
9539,4.0,Alastair_8,1319
9539,5.0,dmercey,1443
9539,5.0,Ruth K,737
9539,5.0,vandenheja,1059
9539,5.0,Hkloban,1435
9539,5.0,steener100,731
9539,5.0,caperOttawa_Canada,1317
9539,5.0,TorontoPino,1060
9540,2.0,Murphymutt,1389
9540,3.0,Manny G,1275
9540,4.0,JVR155019,181
9541,4.0,NancylovesOttawa,758
9541,4.0,Piper184,1436
9542,5.0,blrobins,509
9542,5.0,DaFoosa,518
9542,4.0,7777markw,1446
9542,4.0,Jeanne323,761
9542,5.0,Frank Y,1073
9543,4.0,John K,325
9543,5.0,travellover077,662
9543,5.0,Colin1421,665
9543,4.0,DaveBarbOnTheRoad,382
9543,4.0,Sabrina H,306
9543,5.0,Aron B,420
9543,5.0,getoutontheroad,1447
9543,5.0,BellaGlasgowScotland,1448
9543,4.0,Jetsetaud,1449
9543,5.0,Ade_Loz,1450
9543,3.0,vermonty,1451
9543,3.0,SeashellSue,1452
9543,4.0,Laraine G,383
9543,5.0,surfer1977,1453
9543,5.0,UKMaggiemay,1454
9544,4.0,Wilton2,1455
9544,5.0,cruiser1968,320
9544,5.0,Twickerstourist,1456
9544,5.0,Sparra53,323
9544,4.0,John W,200
9544,5.0,Amy L,162
9544,5.0,Ken N Nancy G,1457
9544,5.0,Sandra T,1458
9544,5.0,traveltina1,1459
9544,5.0,VagabondsDotCH,302
9544,5.0,Gingenut,377
9544,5.0,GoodLifeForMe,1460
9544,5.0,MumblingNerd,1461
9544,5.0,undefined,36
9544,5.0,Ottawa_retiree,742
9544,5.0,augusta a,324
9544,5.0,Loretta L,1462
9544,4.0,graceNewBrunswick,1075
9545,5.0,lchjr,687
9545,5.0,empress1951,1463
9545,5.0,Marco N,1464
9546,5.0,Sheila M,385
9546,5.0,marvmary,508
9546,5.0,Kazzoo,427
9546,4.0,dsky227,344
9547,5.0,4u2p,513
9547,5.0,Wendy M,768
9547,5.0,rovingcarole,1465
9547,5.0,Fred T,419
9547,5.0,Traveler06232009,1466
9547,5.0,augusta a,324
9547,3.0,SunDaisy11,541
9547,5.0,kitten50,490
9547,5.0,surfer1977,1453
9547,5.0,Cheryl B,448
9548,4.0,Canada55plus,460
9549,4.0,nana112016,785
9549,3.0,Peg99,303
9549,3.0,Stevethearchitect,1467
9549,4.0,Rosemary M,1072
9549,4.0,Relic6241,482
9549,5.0,haley745,400
9549,5.0,Jason M,1468
9549,4.0,Debra885,525
9549,2.0,Traveler06232009,1466
9550,5.0,katasha,321
9550,5.0,Stevethearchitect,1467
9550,5.0,BullsEyeWineGuy,401
9550,3.0,erm58,370
9550,5.0,SeashellSue,1452
9551,5.0,Luvstobake,1157
9551,5.0,spud0018,1469
9552,3.0,freddi g,438
9552,3.0,Marco N,1464
9552,4.0,happytrails91,794
9553,5.0,wardgarner,1248
9553,5.0,JoefromNS,777
9553,4.0,AWESOMECornerbrook,516
9553,5.0,Sue D,410
9553,5.0,jrmbMilton,1470
9553,5.0,Landrys05,1069
9553,3.0,FrequenttravellerCA,587
9553,5.0,LMCHJP,485
9554,5.0,Lorraine T,798
9554,4.0,Harri H,995
9554,5.0,Marie G,568
9554,4.0,Ken R,1012
9554,5.0,sydaus3,1061
9554,5.0,mnratch,988
9554,4.0,LLStruik,1164
9554,4.0,kraut_chick,289
9554,5.0,Babar T,1167
9555,4.0,sunlover1997,479
9556,5.0,willoDorset,451
9558,5.0,scox40,529
9558,4.0,Gravelburger,251
9559,5.0,hiker017,941
9559,4.0,Carrie B,1328
9559,4.0,Merle B,1350
9559,5.0,CaseyluvsSophie,111
9559,5.0,Leoval13,97
9559,5.0,Brian G,1120
9559,4.0,Monixen,131
9559,4.0,Debby68,1356
9559,5.0,Quinsam80,1471
9559,4.0,marshtraveller,1472
9559,2.0,Alberta52,1473
9559,5.0,curlergirl,103
9560,5.0,Ken H,1434
9560,5.0,Dan M,83
9561,4.0,Alberta52,1473
9561,5.0,getoutontheroad,1447
9561,5.0,bhilborn,1355
9561,5.0,Stuart E,1332
9561,3.0,Nick R,1474
9561,5.0,jennyemarco,1475
9561,4.0,886judy,272
9561,4.0,timbucktoe,150
9561,4.0,DADIG,118
9561,5.0,Historical_Travels,1476
9561,5.0,John P,1477
9561,3.0,dancer024,1478
9561,4.0,George H,1479
9561,5.0,wbsAlberta,1480
9561,4.0,amdramhwife,1348
9561,5.0,lf185758,1336
9561,5.0,97Z28,1243
9561,5.0,REL_11,736
9561,5.0,CapriciousAngel,1481
9561,4.0,Tripsterchick,1231
9562,4.0,JCDown,1322
9562,5.0,archfor,1482
9562,5.0,Dave K,1387
9562,4.0,PickingPal,1483
9562,3.0,TravelOften1968,1324
9562,4.0,Turk204,123
9562,5.0,Nick R,1474
9562,1.0,KenJennings1,146
9562,5.0,MaryV2X,1413
9562,5.0,BC-Valley-Guy,1484
9562,4.0,Bobbi K,689
9562,5.0,jfk154933,806
9562,4.0,PRNana,1485
9562,4.0,Kathini,113
9562,5.0,Kathleen D,1486
9562,5.0,amed6,91
9562,5.0,BlackberryBoy,805
9563,4.0,DTH,1344
9563,4.0,CharlieV911,1487
9563,4.0,islandrockin,1343
9563,4.0,Jessipher S,1488
9563,4.0,Mike V,1241
9563,4.0,metaungulate,1216
9564,3.0,hppytrvls,1211
9564,3.0,Fred J,1345
9564,3.0,Jackie R,1323
9564,4.0,uktechwizard,1489
9564,4.0,Jessipher S,1488
9564,4.0,lumublu,1045
9564,4.0,Norbert S,1010
9564,4.0,jerry e,947
9564,4.0,D_Beep,1490
9564,4.0,PenelopeW,1358
9564,4.0,Stephanie S,1491
9564,4.0,Ben Y,98
9564,3.0,DELH,1402
9564,3.0,Mr_Jones2,1492
9564,3.0,dancer024,1478
9564,4.0,Tripsterchick,1231
9564,4.0,george and pam J,1493
9564,4.0,bigtrippertoo,288
9564,2.0,PhredStoner,1494
9564,4.0,room_surveyor,1495
9564,2.0,jdglek,1496
9565,4.0,Tgkav,1431
9565,2.0,undefined,36
9566,4.0,Robert S,87
9566,4.0,nadia_pleasanton,7
9566,5.0,Francine L,458
9566,4.0,Kathleen D,1486
9566,4.0,Doris D,80
9566,5.0,JNewton2014,1497
9566,5.0,BC-Valley-Guy,1484
9566,5.0,TravelgalMission_BC,1498
9566,1.0,KimJackC,643
9566,4.0,lumeljay1,1330
9566,4.0,Chicken7209,1365
9566,4.0,dancer024,1478
9566,4.0,george and pam J,1493
9566,4.0,localNorthVancouver,754
9566,1.0,Richelle’s Nana,1213
9566,4.0,Alice T,791
9566,4.0,Leona Z,233
9566,3.0,cheekychubbychops,262
9566,4.0,keadyn,138
9566,4.0,PRNana,1485
9566,5.0,Tombassinger,1499
9566,2.0,tromponya,1028
9566,4.0,Jessica G,1354
9567,3.0,islandfoodie2000,96
9567,4.0,David W,740
9567,4.0,jdglek,1496
9567,3.0,Mr_Jones2,1492
9567,3.0,kimberley39,1500
9567,5.0,room_surveyor,1495
9567,5.0,zimms4golf,57
9567,1.0,Dwayne B,1501
9567,5.0,kitten50,490
9568,4.0,Kenneth P,679
9568,4.0,Rod H,770
9568,4.0,Skippy510109,1502
9568,4.0,JNewton2014,1497
9568,3.0,Doug E,1051
9568,3.0,ThorneBirdGT,950
9568,4.0,PickingPal,1483
9568,4.0,Cordie_Cat40,656
9568,3.0,ken m,1119
9568,3.0,krsthom,682
9568,3.0,timbucktoe,150
9568,4.0,Island_girl_2929,1503
9568,4.0,Kere_M59,1341
9568,3.0,Carie B,1504
9568,1.0,annikarosenqvist,1505
9569,5.0,Tannis T,607
9569,5.0,ChiefKalamalka,1039
9569,3.0,Historical_Travels,1476
9569,4.0,John P,1477
9569,1.0,Island_girl_2929,1503
9569,3.0,CanadaPowell,1506
9569,4.0,ken m,1119
9569,5.0,liligloogirl,1338
9569,4.0,CapriciousAngel,1481
9570,4.0,SMD919,1507
9570,3.0,CalgaryMarcoPolo,107
9571,4.0,orcaland,104
9571,3.0,David W,740
9571,3.0,GordWright,1314
9571,2.0,Kim S,137
9571,4.0,Skippy510109,1502
9571,3.0,hikerpals,1127
9571,5.0,jennyemarco,1475
9571,5.0,Jzjsolo,210
9571,3.0,PhredStoner,1494
9572,5.0,137bear,1508
9584,4.0,Crushed_Tilley_Hat,1509
9584,5.0,Geraldine F,1510
9584,4.0,undefined,36
9584,4.0,Liz730053,1227
9584,3.0,TripleM_99,412
9584,5.0,Vanessa G,727
9584,5.0,CarolAnnQ,1511
9584,4.0,wishiwerethereCanada,1512
9584,1.0,Nolpreen,265
9584,2.0,Jeanne1942,1513
9584,4.0,peter84,114
9585,3.0,wishiwerethereCanada,1512
9586,5.0,Pauline D,772
9586,5.0,Dave N,1198
9586,5.0,Jessa J,961
9586,5.0,omanaomi,106
9586,5.0,rocketman000,1165
9587,5.0,Mog,976
9587,5.0,Norm M,937
9587,5.0,madelk2011,1514
9587,5.0,MichelleGee8,781
9588,4.0,EagerB,946
9588,3.0,longtravel09,980
9590,3.0,terrilou59,1515
9591,1.0,Jeanne1942,1513
9593,5.0,Iris L,1516
9593,4.0,FreakinCold5,1517
9593,4.0,Lorraine T,798
9593,4.0,manitobaricher,1518
9593,4.0,ALfromManitoba,307
9593,4.0,JiggyBobb,1519
9593,3.0,WorldTravelerJL18,1520
9593,5.0,Ccccolddave,1521
9593,5.0,bemeyer,609
9593,5.0,Brent M,1249
9593,5.0,Bryan C,1522
9593,3.0,KVic123,1523
9593,5.0,jphardy,1524
9593,4.0,HughWhitehorseYT,1124
9593,5.0,Boyd M,554
9594,2.0,SirBatchelot,1525
9594,5.0,Passepartout-007,953
9594,5.0,Christine C,1526
9594,4.0,spud0018,1469
9594,4.0,gmdalberta,564
9594,5.0,iplayazi,1527
9594,4.0,Samuel K,1528
9594,4.0,mbark81,1529
9594,2.0,Sox_The_Wanderer,1530
9594,2.0,keepitsouth,1118
9594,4.0,jphardy,1524
9594,4.0,Rose S,669
9594,5.0,Debbie M,1383
9594,5.0,Omar M,1076
9594,4.0,Geraldine F,1510
9594,4.0,Sandandsunshine,1242
9594,5.0,Stéphane B,1531
9594,5.0,Lisa A,1394
9594,4.0,WendyFsj_Bc,1532
9594,5.0,Parents of 3 Boyz,1162
9594,5.0,Wayne I,1533
9594,3.0,islandrockin,1343
9594,3.0,RobbieHen,1534
9594,3.0,calgaryglobetrotter8,1535
9594,5.0,MDD1616,1311
9594,5.0,Linda W,225
9594,5.0,Lucia B,1536
9594,5.0,glenham88,1537
9595,3.0,Gail W,738
9595,5.0,undefined,36
9595,5.0,JiggyBobb,1519
9595,5.0,Wainwrp,960
9595,5.0,FreakinCold5,1517
9595,3.0,KVic123,1523
9595,5.0,Korinn R,1538
9596,5.0,Iris L,1516
9596,5.0,Kevin B,1283
9596,4.0,Mel M,1539
9596,5.0,Harold W,1540
9596,5.0,Leigh D,1541
9596,5.0,RobbieHen,1534
9596,5.0,lemieuxg,1542
9596,5.0,Roadrat1948,1068
9596,3.0,ManitobaCrewofsix,1543
9596,4.0,Timmer,1544
9596,5.0,Jessica C,1545
9596,5.0,Wayne I,1533
9596,5.0,manitobaricher,1518
9596,2.0,Sean R,1546
9596,3.0,paul l,1547
9596,2.0,Jocelyn V,1021
9596,4.0,vwfanforever,1548
9596,4.0,Lynda D,589
9596,4.0,WinnipegHiroshi,563
9596,2.0,LifeinParis,507
9596,3.0,T G,1549
9596,1.0,Proudmanxman1970,105
9596,3.0,Stinger55,1151
9596,1.0,tableau,1550
9596,4.0,ManitobaNic,1551
9596,2.0,dreamingofgreece,1236
9596,1.0,Banfff,1552
9596,4.0,kimpete8,1553
9597,4.0,george1232015,1554
9597,4.0,454bill,471
9597,4.0,wallybee43,1379
9597,4.0,Gail W,738
9597,5.0,Christine C,1526
9597,4.0,Penny D,1052
9597,5.0,undefined,36
9597,3.0,Leigh D,1541
9597,4.0,mbark81,1529
9597,3.0,Stephanie W,1555
9597,4.0,iplayazi,1527
9597,5.0,Kathy R,1556
9597,4.0,Eddyboy21,1557
9597,4.0,Timmer,1544
9597,4.0,SirBatchelot,1525
9597,5.0,pandabear9196,639
9597,5.0,Allan H,519
9597,3.0,VikLauL,1368
9597,3.0,Mel M,1539
9597,4.0,Wayne I,1533
9598,4.0,bigjoe10,1558
9598,2.0,Darrell D,1559
9598,4.0,ve5ks,1560
9598,3.0,Arthur W,1561
9598,4.0,DuncanTee,1562
9598,3.0,J.P.S.,1563
9598,4.0,GT750J,1295
9598,3.0,Deborah P,1564
9598,3.0,Bryan C,1522
9598,5.0,greenmountaingirl2,1565
9598,5.0,David R,17
9598,4.0,Pomacentrus,1086
9598,3.0,lemieuxg,1542
9598,4.0,Tatiana M,1037
9598,5.0,courtenayclendenning,948
9598,5.0,Steven V,1566
9598,4.0,madlyStefanie,1567
9598,4.0,STinMB,1089
9598,3.0,JPTENIUK,1568
9598,5.0,Sahayoga,1284
9598,1.0,Lucia B,1536
9599,1.0,Gerry Dave G,1569
9599,4.0,jack L,649
9599,4.0,Monica B,1570
9599,4.0,DuncanTee,1562
9599,4.0,clletain,1571
9599,4.0,ve5ks,1560
9599,5.0,Steven V,1566
9599,5.0,glenham88,1537
9599,3.0,Jessica C,1545
9599,4.0,Lynda D,589
9599,4.0,Bon Echo G,746
9599,3.0,CARIBBOB,1196
9599,3.0,PJGC,1146
9599,4.0,undefined,36
9599,5.0,Yvonnepotter,1572
9599,4.0,Murrky,1573
9599,4.0,Anoini2,1574
9599,4.0,Dcaplan,721
9599,4.0,Timmer,1544
9599,2.0,Ccccolddave,1521
9599,3.0,GrannyAC,556
9599,4.0,Jon W,120
9599,5.0,Jordan F,1122
9599,3.0,George H,1479
9599,2.0,ManitobaCrewofsix,1543
9599,4.0,graydonj,1575
9600,2.0,Escape626061,1388
9600,2.0,rj7341,1576
9601,3.0,bigjoe10,1558
9601,1.0,MASH16,1577
9601,1.0,T G,1549
9601,2.0,madlyStefanie,1567
9601,5.0,Amoep,1578
9602,5.0,Axelqueen,1579
9602,4.0,Timmer,1544
9602,4.0,Mel M,1539
9602,4.0,charadam2018,1189
9602,3.0,2pinacolodas,1580
9602,5.0,Yvonnepotter,1572
9602,5.0,bigmack27,483
9602,4.0,Tyler_RobbNashTour,1112
9602,4.0,STinMB,1089
9602,4.0,vwfanforever,1548
9602,4.0,Parents of 3 Boyz,1162
9602,3.0,Gerard S,1581
9602,2.0,Proudmanxman1970,105
9602,4.0,Lynda D,589
9602,3.0,Crushed_Tilley_Hat,1509
9602,4.0,GrannyAC,556
9602,3.0,Anoini2,1574
9602,4.0,undefined,36
9602,4.0,Korinn R,1538
9602,3.0,Banfff,1552
9602,4.0,canadianquebecer,1217
9602,5.0,tableau,1550
9602,4.0,bexy05,1582
9602,3.0,hec286,1583
9603,3.0,Debbie495,1584
9603,3.0,D'Arcy E. Barker,1210
9603,4.0,tdsuperstar,1305
9603,5.0,supermario0810,789
9603,2.0,John L,1585
9603,2.0,Tourista47,1586
9603,1.0,vwfanforever,1548
9603,2.0,kimpete8,1553
9604,3.0,Steveandchristine,192
9605,1.0,Amy R,1587
9605,5.0,Edward B. S,1235
9605,4.0,Sahayoga,1284
9605,3.0,cdar,1588
9605,4.0,dreamingofgreece,1236
9606,3.0,ProudCanuck,1589
9606,4.0,Trilobite2006,1590
9606,4.0,CGSTraveller,598
9606,2.0,sarahnaid,1591
9606,5.0,Alfred S,1592
9606,3.0,lled,1593
9606,5.0,FreakinCold5,1517
9606,4.0,Debbie495,1584
9606,4.0,Honda185,1174
9606,5.0,Harold W,1540
9606,4.0,CanadianGoesAbroad,1246
9606,4.0,wbsAlberta,1480
9606,4.0,JPH_21,1199
9606,4.0,Kim S,137
9606,4.0,denlin,553
9606,3.0,Candi H,1003
9606,4.0,kimberley39,1500
9606,3.0,Christine C,1526
9606,4.0,paul l,1547
9606,3.0,manitobaricher,1518
9606,4.0,MaxBC,81
9606,3.0,Patrick T,1220
9606,5.0,HolidayKojak,1594
9606,4.0,bexy05,1582
9606,3.0,allison5577,1595
9606,4.0,hec286,1583
9606,5.0,PsychRN12,1214
9606,5.0,mightysergei,1261
9606,4.0,BobFarr2000,971
9606,5.0,whyme424,935
9606,5.0,Bernie P,355
9606,4.0,Jacalope,1152
9606,4.0,westcanguy,122
9606,5.0,Clark G,1596
9606,5.0,kmomma,544
9606,4.0,Bluegoosebach,1597
9607,4.0,Daphne C,1046
9607,1.0,clletain,1571
9607,5.0,ernie b,1240
9607,3.0,greenmountaingirl2,1565
9607,5.0,HolidayKojak,1594
9607,4.0,manitobaricher,1518
9607,4.0,David S,1598
9607,4.0,TravelNotTourism,1098
9607,4.0,Murrky,1573
9607,5.0,CoolCouple99,1011
9607,5.0,Clark G,1596
9607,3.0,cdar,1588
9607,5.0,allison5577,1595
9607,5.0,ManitobaNic,1551
9607,4.0,Deana H,1599
9607,5.0,Geoff S,1600
9607,4.0,annikarosenqvist,1505
9607,5.0,Garry F,1601
9607,5.0,R F,1602
9608,3.0,Lynda D,589
9608,3.0,Hotels1a,1603
9608,3.0,Andrew N,1234
9608,2.0,Ed S,601
9608,3.0,hydehaven,1339
9608,4.0,Egg-and-cheese,1604
9608,5.0,Amoep,1578
9608,2.0,Gerald N,1605
9608,4.0,Franida,1385
9608,4.0,NorquayOasis,1606
9608,5.0,Honda185,1174
9609,4.0,Roadtrip_Catlove,678
9609,4.0,Minne B,796
9610,4.0,undefined,36
9610,3.0,WendyFsj_Bc,1532
9610,5.0,Char B,1607
9610,1.0,kimwolcott,1393
9611,4.0,ProudCanuck,1589
9611,4.0,undefined,36
9611,4.0,ellie0770,1608
9611,3.0,Pastorash,949
9611,4.0,Christine C,1526
9611,4.0,Tourista47,1586
9611,3.0,Alfred S,1592
9611,4.0,albertaroadtripper,1115
9612,4.0,CdnMink,1219
9612,5.0,Pastorash,949
9612,3.0,Intouchable,1609
9612,4.0,Gail P,1357
9612,4.0,CanadaPowell,1506
9612,4.0,Stuart71,135
9612,5.0,Debbie M,1383
9612,4.0,J.P.S.,1563
9612,5.0,Bob C,1030
9612,5.0,BobFarr2000,971
9612,4.0,Gerald N,1605
9612,3.0,JD419,1610
9612,4.0,gmdalberta,564
9612,5.0,Cade P,1611
9612,5.0,ritak941,1612
9612,5.0,Lisa P,1396
9612,4.0,WorldTravelerJL18,1520
9612,3.0,Penny G,1613
9612,5.0,BruceT1964,1159
9612,5.0,williamjG2120KS,1321
9612,4.0,marknatalliac,1614
9612,5.0,SafetyBob2015,1128
9612,5.0,Kathy R,1556
9612,3.0,allison5577,1595
9612,3.0,nloughead,1192
9612,4.0,sarahnaid,1591
9612,3.0,Grammyplamla,247
9612,5.0,dougd540,203
9612,4.0,saberus,1139
9612,5.0,Mary L,1615
9612,4.0,PsychRN12,1214
9612,4.0,Peter S,209
9613,5.0,Samuel Oglivie Mapplethorpe,1616
9613,4.0,Hopethishelps12345,1617
9613,5.0,Jim S,31
9613,5.0,canadianquebecer,1217
9614,3.0,lled,1593
9614,4.0,Debbie495,1584
9614,4.0,ajcbill,1395
9614,3.0,New2travelin,1618
9615,4.0,CamanoIsleTraveller,627
9615,2.0,GeeLanark,628
9615,4.0,pentictonkid,629
9615,2.0,JimFord13,630
9615,4.0,whomever,632
9617,3.0,Oilsandsgal,1104
9617,2.0,Naomi I,590
9617,5.0,SBSweetie,1374
9617,4.0,Fitzsidu,1407
9617,4.0,peter84,114
9617,4.0,Dan G,1033
9617,3.0,richard t Sydney Australia,584
9617,3.0,dook49,1619
9617,2.0,GrahamK3,1620
9617,3.0,Mrfat187,1621
9617,3.0,savesomeoneelse,585
9617,3.0,calvin b,1207
9617,3.0,AlbertaRick,1622
9618,4.0,SuperDave47,681
9618,2.0,allison5577,1595
9618,3.0,Michael S,728
9618,3.0,Samuel K,1528
9618,1.0,undefined,36
9618,3.0,Fundom64,1230
9618,3.0,socrdog,1445
9618,3.0,Randolph T,1194
9618,2.0,Freightcarr,1623
9618,4.0,Geoff S,1600
9618,2.0,Deana H,1599
9618,1.0,Garry F,1601
9618,3.0,krp329,405
9619,3.0,O9692SDdavidw,1188
9619,1.0,magic25ap,1624
9619,2.0,Jo-Anne and Mel M,1173
9619,3.0,Hotels1a,1603
9619,4.0,undefined,36
9619,4.0,TapAway,1215
9619,4.0,Amy R,1587
9619,2.0,rbarsalou,1625
9619,3.0,GEOS30,1132
9619,1.0,Egg-and-cheese,1604
9620,1.0,CalJay,1209
9621,1.0,Freightcarr,1623
9621,3.0,13McMurray,1184
9622,4.0,Soonie68,283
9622,4.0,Ulwazi,588
9622,3.0,Deina0803,1113
9622,5.0,Gretz,942
9622,5.0,Amie M,1626
9622,3.0,Patrick T,1220
9622,3.0,S z,1627
9622,4.0,rjspeight,1111
9622,4.0,Steve F,1221
9622,5.0,Susan R,1628
9622,4.0,Gerry Dave G,1569
9622,5.0,Bob S,228
9622,5.0,DiscoverAndEnjoy,1629
9623,4.0,Soonie68,283
9623,5.0,Coolyarnz,1630
9623,5.0,macedon2,1631
9623,5.0,Amie M,1626
9623,5.0,panbk4g,1168
9623,4.0,John G,1632
9623,5.0,tribalcustoms,1633
9623,4.0,Saint_Johnny,1634
9623,4.0,Crystal H,1635
9623,4.0,Susan R,1628
9623,5.0,baudley,581
9625,5.0,undefined,36
9625,5.0,snowywaste,1636
9625,4.0,bubbelbine,1637
9626,4.0,585rolft,258
9626,5.0,Jason F,1638
9626,4.0,John G,1632
9626,4.0,Buckwald,1639
9626,4.0,PAABER,1315
9626,5.0,baudley,581
9626,5.0,Adam M,595
9626,4.0,Stephanie Bremer,1041
9626,5.0,HolidayKojak,1594
9626,4.0,TwigTraveler,1640
9626,5.0,Perciva,1641
9626,4.0,Douglas B,1148
9626,5.0,macedon2,1631
9626,4.0,LLHH,231
9626,4.0,Mrfat187,1621
9627,4.0,Jenny M,1642
9627,3.0,DiscoverAndEnjoy,1629
9628,5.0,CarolAnnQ,1511
9628,3.0,Jane D,586
9628,4.0,mike y,1643
9628,5.0,Kedetaent,1644
9628,4.0,undefined,36
9628,3.0,Papa David,1007
9628,5.0,webb,1386
9628,3.0,astromac866,676
9628,3.0,Crystal H,1635
9628,4.0,Susan V,615
9628,4.0,Nowzar A,1645
9628,3.0,Devin F,1646
9629,4.0,173Jack173,638
9629,4.0,SolusTraveller,277
9629,3.0,Soonie68,283
9630,3.0,NEofAZ,1647
9631,4.0,Cathie B,243
9631,4.0,76fpr,443
9631,4.0,Sext,1648
9632,4.0,Chris F,788
9632,4.0,tribalcustoms,1633
9632,5.0,Coolyarnz,1630
9632,4.0,PGflyguy,1649
9632,3.0,Jenny M,1642
9632,3.0,Iircper,1650
9632,4.0,Sext,1648
9632,4.0,Motorcylcler,1376
9632,5.0,undefined,36
9632,3.0,astromac866,676
9634,1.0,tribalcustoms,1633
9634,1.0,Iircper,1650
9634,3.0,AlbertaRick,1622
9634,3.0,mike y,1643
9634,3.0,sylster,1651
9634,2.0,PGflyguy,1649
9634,3.0,Soonie68,283
9635,2.0,citypins,1652
9635,3.0,ottravel5,15
9636,4.0,Susan B,1103
9636,3.0,james c,1442
9636,4.0,David S,1598
9636,3.0,islandlorna2,1057
9636,4.0,Hank B,1653
9636,4.0,tim v,1266
9636,5.0,Cori O,1654
9636,2.0,justcake13,406
9636,4.0,Kneedavacay,1655
9636,4.0,Lisetteki,1656
9636,5.0,mityjoe,1657
9637,4.0,LiLiCockerpoo,1658
9637,5.0,Jimthefriar,167
9637,3.0,Greg D,1441
9637,4.0,Motorbragg,1659
9637,5.0,RumJOro,1660
9637,4.0,Wildthing_11,725
9637,5.0,digerati,1661
9637,5.0,THtheTraveller,187
9638,4.0,John F,153
9638,1.0,Meldoll1,188
9638,4.0,Susan B,1103
9638,4.0,rachelwV7694YG,1432
9638,4.0,Dave & Ana,1424
9638,4.0,Debbie B,705
9638,4.0,Kelli M,1426
9638,4.0,Cori O,1654
9638,3.0,Paul U,395
9638,4.0,Chantelle E,1662
9638,5.0,Denise C,1064
9638,2.0,1968tiffany,1433
9638,3.0,Tosh2,326
9639,5.0,GreatDay27,1444
9639,5.0,Steve B,938
9639,5.0,cancub6,1663
9639,4.0,riley1204,1083
9639,5.0,mityjoe,1657
9639,4.0,cbutera,1310
9639,4.0,canbear32,579
9639,3.0,digerati,1661
9639,5.0,Motorbragg,1659
9640,3.0,undefined,36
9641,1.0,citypins,1652
9641,2.0,Shari R,958
9641,1.0,Joey Lauer,1430
9641,2.0,undefined,36
9641,1.0,MyleHigh,86
9641,3.0,SSC-CP,536
9641,2.0,Kneedavacay,1655
9642,1.0,Colin F,1664
9642,1.0,Snowbarbie,730
9642,2.0,socrdog,1445
9642,3.0,undefined,36
9643,5.0,MicheleCanada,1665
9643,5.0,Hank B,1653
9643,5.0,LoriAnn717,1298
9643,5.0,BluenoserHalifax,394
9643,5.0,oasishunt2015,1666
9643,4.0,Susan D,739
9644,4.0,Colin F,1664
9644,5.0,oasishunt2015,1666
9644,5.0,Dwayne B,1501
9645,5.0,undefined,36
9645,3.0,Daniel B,56
9645,3.0,LiLiCockerpoo,1658
9645,4.0,Lisetteki,1656
9646,2.0,Archangelsgirl,246
9646,5.0,mityjoe,1657
9646,4.0,MelQuirion,1667
9646,4.0,z24pride,1050
9646,2.0,undefined,36
9647,3.0,fpeel,1668
9648,1.0,fpeel,1668
9651,1.0,cancub6,1663
9651,4.0,Chantelle E,1662
9651,4.0,Cheryl R,472
9656,4.0,Peter R,1669
9656,4.0,mountainoutin,505
9656,3.0,MyleHigh,86
9656,4.0,tylee10,99
9656,5.0,Joanne M,1670
9656,4.0,PaoliLLH,608
9656,4.0,Glenn57_25,1366
9656,3.0,A K,1671
9656,4.0,Ashley,569
9656,3.0,Tripadviser15,82
9656,4.0,D_Beep,1490
9656,3.0,jsksy,1331
9656,5.0,RobTor,637
9656,5.0,Petrina B,1384
9656,3.0,marshtraveller,1472
9656,4.0,Stephanie S,1491
9656,4.0,John L,1585
9656,3.0,MichaelM0079,285
9656,3.0,TwigTraveler,1640
9656,4.0,Marian C,148
9657,4.0,Pouxie11,666
9657,2.0,Joanne M,1670
9657,4.0,Norman F,282
9657,4.0,BarbLH,786
9657,5.0,reft h,1672
9657,4.0,snowmeiser,967
9657,4.0,twinkletoes5477,797
9657,3.0,flyingontheground,204
9657,4.0,Marion_Harvey,618
9657,5.0,MelQuirion,1667
9657,4.0,Marigold1012,1029
9657,5.0,AliceMatthews,151
9657,3.0,Carie B,1504
9657,4.0,Nowzar A,1645
9657,2.0,Snow666angel,119
9657,4.0,Tripadviser15,82
9658,5.0,Ranjit S,1673
9658,5.0,Peter R,1669
9658,4.0,Kevin A,1416
9658,4.0,114darrylp,129
9658,5.0,mkoehn,1095
9658,3.0,Carol W,61
9658,5.0,CityMice,993
9658,1.0,LovelyRachel,1415
9658,5.0,redjule70,642
9658,5.0,Quinsam80,1471
9658,4.0,CharlieV911,1487
9658,4.0,reft h,1672
9658,4.0,Robert S,87
9659,5.0,gotrgirl,1674
9659,5.0,C S,1178
9659,4.0,terrilou59,1515
9659,5.0,Noel58,602
9659,5.0,twinkletoes5477,797
9659,4.0,Michael S,728
9659,5.0,ndsci,1382
9660,3.0,Ranjit S,1673
9660,4.0,tripann,60
9660,4.0,tylee10,99
9660,4.0,Cordie_Cat40,656
9660,4.0,Barbara A,644
9660,4.0,Jason M,1468
9661,3.0,Pouxie11,666
9661,4.0,bernieb526,255
9661,4.0,flametamer911,694
9661,2.0,trevg446,1110
9661,4.0,fishingguy2015,127
9661,4.0,Gillian M,1346
9661,5.0,claudiatsui,1675
9661,3.0,Sac2Travelers,273
9661,4.0,glena878,1193
9661,4.0,Kay L,673
9662,5.0,Nehal S,1342
9662,5.0,gotrgirl,1674
9662,5.0,Navonodfn,1129
9663,5.0,otistdriftwood,221
9663,5.0,HektorHungary,1351
9666,5.0,jameslfoley,124
9666,3.0,flametamer911,694
9666,1.0,claudiatsui,1675
9667,3.0,bksmith2017,64
9667,3.0,jude8655,1131
9667,2.0,pxsmith,917
9667,2.0,Henry R,646
9667,2.0,Wanita60,619
9667,3.0,PegLeg-and-SherBear,372
9667,4.0,Reisaapie,6
9668,5.0,Axelqueen,1579
9668,5.0,kpatters,0
9668,4.0,ellie0770,1608
9668,5.0,Victor A,1158
9668,3.0,New2travelin,1618
9668,5.0,Eddyboy21,1557
9668,4.0,Calvin S,1163
9668,5.0,Holly M,476
9668,5.0,ToddMiki,1233
9668,5.0,70Brian44,1370
9668,4.0,Dave Kristen O,1375
9668,5.0,Wayne I,1533
9668,5.0,SMD919,1507
9668,5.0,FootlooseWithKids,1362
9668,5.0,monalisa2230,1676
9668,4.0,Jo-Anne and Mel M,1173
9668,4.0,chims99,1677
9668,4.0,Penny G,1613
9668,4.0,chriscN1123TW,1678
9668,5.0,Sambra21,397
9669,4.0,Shell1384,1121
9669,5.0,Trilobite2006,1590
9669,4.0,kimberb8808,1679
9669,4.0,Intouchable,1609
9669,4.0,J.P.S.,1563
9669,4.0,Penny G,1613
9669,1.0,Cade P,1611
9669,4.0,Eric C,1200
9669,4.0,John S,433
9669,5.0,Cyndi M,1172
9669,5.0,Grant K,1400
9669,4.0,Debbie M,1383
9669,5.0,Oilsandsgal,1104
9669,4.0,Geraldine F,1510
9669,3.0,BenLar137,1197
9669,4.0,Wayne I,1533
9669,5.0,Lovestherockies,663
9669,4.0,marlajanzen,1680
9669,5.0,Stéphane B,1531
9669,5.0,JACK B,1681
9669,5.0,Mary L,1615
9669,4.0,calgaryglobetrotter8,1535
9669,4.0,marknatalliac,1614
9669,5.0,orcaland,104
9670,5.0,Debbie054,130
9670,5.0,undefined,36
9670,3.0,sarahnaid,1591
9671,3.0,Debbie M,1383
9671,3.0,JPTENIUK,1568
9671,4.0,pandabear9196,639
9671,3.0,dreamingofgreece,1236
9671,4.0,undefined,36
9671,4.0,CdnMink,1219
9671,1.0,kimberb8808,1679
9671,3.0,WelcomeMat,1390
9671,4.0,rbarsalou,1625
9671,2.0,jdouglas91,1682
9671,2.0,PattyCanada,1683
9671,2.0,marlajanzen,1680
9671,3.0,beachfun10,1225
9671,4.0,jeana h,1684
9672,5.0,Hopethishelps12345,1617
9672,4.0,jaykay99,194
9672,5.0,Sox_The_Wanderer,1530
9672,3.0,JACK B,1681
9672,4.0,NEofAZ,1647
9672,5.0,undefined,36
9672,3.0,kimberb8808,1679
9672,4.0,CryslynIqaluit,1685
9672,4.0,george1232015,1554
9672,2.0,Viola O,1143
9672,3.0,graydonj,1575
9672,4.0,charadam2018,1189
9672,4.0,Papa David,1007
9672,4.0,Char B,1607
9672,4.0,AnneSimcoe_Ontario,1686
9672,5.0,Rick H,1204
9672,4.0,PAUL L,1205
9672,4.0,Dwayne L,1177
9672,4.0,Sean R,1546
9672,2.0,glenham88,1537
9672,4.0,selmawade,670
9672,4.0,Mel M,1539
9672,4.0,Debby68,1356
9672,3.0,Lynda S,623
9673,5.0,SKgirl,784
9673,5.0,magic25ap,1624
9673,4.0,kimberb8808,1679
9673,3.0,rogerduarten,562
9673,5.0,sarahnaid,1591
9673,5.0,Arthur W,1561
9673,5.0,Itchycleo,723
9673,4.0,Josh Wilderness,943
9673,2.0,Devin F,1646
9674,4.0,Samuel Oglivie Mapplethorpe,1616
9674,5.0,Jzjsolo,210
9674,4.0,AnneSimcoe_Ontario,1686
9674,4.0,FootlooseWithKids,1362
9674,3.0,R F,1602
9674,3.0,richmennie,132
9674,4.0,chims99,1677
9674,5.0,Chris R,440
9674,2.0,Tosh2,326
9674,4.0,J&W,1247
9675,4.0,undefined,36
9675,2.0,rockinox,1687
9675,4.0,Randy M,1171
9676,5.0,Tandemania,360
9677,1.0,kenzie111,1688
9677,4.0,karen b,1689
9677,4.0,gloria188,1690
9678,1.0,monalisa2230,1676
9678,3.0,rj7341,1576
9678,3.0,Dale H,1108
9678,2.0,NSRoadrunner7,596
9678,3.0,2pinacolodas,1580
9678,4.0,dice401,1187
9678,1.0,xman0204,913
9678,1.0,NorquayOasis,1606
9679,3.0,CryslynIqaluit,1685
9679,3.0,undefined,36
9679,2.0,Stephanie W,1555
9679,4.0,runningbeat,1043
9679,1.0,jdouglas91,1682
9679,1.0,Penny G,1613
9679,4.0,Coachfitz,1229
9679,1.0,Murrky,1573
9679,3.0,Steveandchristine,192
9679,3.0,Gerard S,1581
9680,3.0,Darrell D,1559
9680,1.0,selmawade,670
9681,1.0,kenzie111,1688
9681,2.0,stevepencz,750
9681,1.0,jeana h,1684
9681,4.0,karen b,1689
9681,3.0,gloria188,1690
9681,4.0,MASH16,1577
9681,1.0,Roy C,624
9682,4.0,W W,1691
9682,5.0,Debbie054,130
9682,5.0,ritak941,1612
9682,5.0,ScottfromBlackie,677
9682,5.0,Stuart71,135
9682,5.0,georgemom,573
9682,5.0,pjdm,1044
9682,5.0,Philip P,1180
9682,4.0,BenLar137,1197
9682,5.0,Janet T,807
9682,4.0,MichaelShepherd65,1692
9682,4.0,Sharon V,808
9682,4.0,Keith B,567
9682,4.0,Buckwald,1639
9682,5.0,Peter S,209
9682,5.0,Coolmomtraveller,1693
9683,4.0,Karen K,242
9684,4.0,roderickm19,1130
9684,4.0,cgy_mission,1135
9685,5.0,Lynnruff,695
9685,4.0,holidaymaker1955,1195
9686,5.0,GrahamK3,1620
9686,4.0,MichaelShepherd65,1692
9686,5.0,noname021,1117
9686,4.0,Buckwald,1639
9686,5.0,Coolmomtraveller,1693
9686,4.0,Eve_Delta,1404
9686,4.0,Tombassinger,1499
9688,3.0,madelk2011,1514
9688,4.0,jread1961,1694
9688,5.0,RaistlinV,835
9688,3.0,islandrockin,1343
9688,3.0,JR_of_Kamloops,453
9688,5.0,Ginette P,52
9688,4.0,curlergirl,103
9688,3.0,Monica B,1570
9688,4.0,Gretz,942
9688,3.0,archfor,1482
9688,4.0,Jerry L,1287
9688,5.0,jerry e,947
9688,3.0,Bobbi81,945
9688,4.0,CaseyluvsSophie,111
9688,4.0,Brian G,1120
9688,3.0,Debbie V,244
9688,5.0,MichaelM0079,285
9688,4.0,Dudeneverstop,25
9688,4.0,Trinity C,1137
9688,4.0,A K,1671
9688,5.0,BarbsZ,621
9688,4.0,cwill4573,977
9693,4.0,Margaret K,710
9693,4.0,John H,1695
9693,5.0,Birgit G,782
9693,1.0,Eurodame,300
9693,4.0,ALfromManitoba,307
9693,4.0,David M,542
9693,4.0,Jean Francois R,1080
9693,1.0,Michael S,728
9694,5.0,ScottEmmaLee,661
9694,5.0,traveltina1,1459
9694,5.0,Deborah P,1564
9694,5.0,lchjr,687
9694,5.0,Wilton2,1455
9694,4.0,Canada55plus,460
9694,4.0,Twickerstourist,1456
9694,5.0,Connie H,322
9694,5.0,rovingcarole,1465
9694,4.0,bridget1000,334
9694,5.0,MicheleCanada,1665
9694,5.0,D&B,202
9694,5.0,Sue D,410
9694,5.0,jrmbMilton,1470
9694,5.0,empress1951,1463
9694,4.0,tom646,522
9694,5.0,Kevin S,335
9694,1.0,reinlaagland,487
9694,3.0,7777markw,1446
9694,5.0,Ken N Nancy G,1457
9694,5.0,Satsoc,386
9694,5.0,Sandra T,1458
9694,4.0,Fred T,419
9694,5.0,lovesunshine85,308
9694,5.0,GoodLifeForMe,1460
9694,5.0,getoutontheroad,1447
9694,5.0,BellaGlasgowScotland,1448
9694,5.0,MumblingNerd,1461
9694,5.0,Allan B,341
9694,5.0,Doug E,1051
9694,4.0,Loretta L,1462
9694,5.0,vermonty,1451
9694,5.0,Allison  E,346
9694,5.0,rockinox,1687
9695,5.0,1998SarahJ,523
9695,5.0,2015eastcoasters,358
9695,4.0,Abquog,779
9696,4.0,cny12,330
9697,5.0,Nifty,593
9697,4.0,Wendy S,317
9697,5.0,PearlBelfast,424
9697,3.0,John H,1695
9697,2.0,Northlites,543
9697,4.0,woodeye66,1084
9697,1.0,Wych,348
9697,4.0,b2mack,475
9697,5.0,Peter S,209
9697,5.0,UKMaggiemay,1454
9698,4.0,LP1247,299
9698,4.0,Dianne L,1414
9699,5.0,Bernie P,355
9703,5.0,MALIK889,1696
9703,5.0,Oilsandsgal,1104
9703,5.0,Susan012014,69
9703,5.0,Elizabethmaureen8868,436
9703,5.0,Barbara C,559
9703,4.0,Travis12345,597
9703,5.0,DonicaC,1697
9703,5.0,Kailey B,1698
9703,5.0,LLHH,231
9703,4.0,keadyn,138
9703,4.0,TwigTraveler,1640
9703,4.0,OmanRob,1123
9703,5.0,Jim R,205
9703,5.0,Huy B,561
9703,5.0,PeterLeckie,1699
9704,5.0,Ddanders1170,498
9704,5.0,SKLT_Esquire,640
9704,5.0,Stephanie Bremer,1041
9704,5.0,Lorie10,693
9704,4.0,HFids,1078
9704,5.0,Foodlover052,1700
9705,5.0,Kedetaent,1644
9705,4.0,undefined,36
9705,5.0,403Kit,762
9706,4.0,Lisa S,234
9706,2.0,bubbelbine,1637
9706,5.0,Michael B,450
9706,5.0,yaletowners,1191
9706,4.0,dook49,1619
9706,5.0,Kailey B,1698
9706,5.0,Archie C,280
9706,5.0,Buddly,594
9706,4.0,Hans S,260
9706,5.0,snowywaste,1636
9706,3.0,SolusTraveller,277
9706,3.0,keadyn,138
9706,4.0,TaraW4546,631
9706,5.0,RaistlinV,835
9706,4.0,icicle12,1701
9706,5.0,runner002,1702
9706,4.0,jread1961,1694
9706,5.0,Danielle0720,1224
9706,3.0,Albernio,1352
9706,5.0,uktechwizard,1489
9706,3.0,OmanRob,1123
9706,5.0,PeterLeckie,1699
9706,4.0,deeman98,101
9706,5.0,Goldprince,1397
9706,5.0,DonicaC,1697
9706,4.0,cava33,220
9706,4.0,Sheree,647
9706,5.0,APTravel101,1412
9707,5.0,Adam M,595
9707,4.0,John G,1632
9707,3.0,Saint_Johnny,1634
9707,5.0,Derek Y,1381
9707,5.0,Perciva,1641
9707,5.0,Jason F,1638
9707,5.0,Foodlover052,1700
9707,5.0,Oilsandsgal,1104
9707,4.0,S z,1627
9707,4.0,LLHH,231
9707,4.0,icicle12,1701
9707,5.0,Andrea_Wallette,533
9707,5.0,runner002,1702
9708,4.0,TheFarkman,1703
9709,4.0,TheFarkman,1703
9709,4.0,sylster,1651
9709,4.0,Foodlover052,1700
9709,4.0,oaklyn,290
9709,5.0,Amoep,1578
9711,3.0,MALIK889,1696
9712,4.0,JF Bordeleau,1252
9712,4.0,Chris I,238
9712,3.0,TravelgalMission_BC,1498
9713,4.0,mountainoutin,505
9713,4.0,LJC309,506
9713,3.0,kitten50,490
9713,3.0,RumJOro,1660
9713,4.0,Canada-TourDirector,1062
9713,4.0,BJ2005,38
9713,3.0,Jetsetaud,1449
9713,4.0,SandySue123,1085
9713,5.0,Angeles,201
9724,5.0,Kyle-Sarah88,1013
9724,5.0,greg h,1034
9724,4.0,Dwayne L,1177
9724,3.0,Daddygord,991
9724,4.0,Thundanutts,1026
9724,5.0,PattyCanada,1683
9724,4.0,FunOnly,983
9724,4.0,chriscN1123TW,1678
9724,3.0,Mike O,1704
9724,5.0,Matt J,1040
9725,5.0,travellfar,1154
9725,5.0,FamilyoffourKent,1005
9725,4.0,CRWPG,1181
9725,4.0,karenbr67,986
9725,3.0,403Kit,762
9725,4.0,Conrad P,1179
9726,3.0,deltic,1705
9726,5.0,137bear,1508
9726,5.0,430Bryan,714
9726,5.0,Kelsey L,1092
9726,4.0,Steve L,1023
9726,5.0,Tom P,1106
9726,3.0,Richard288,690
9726,5.0,meenamara,1185
9726,5.0,muskrat88,257
9726,4.0,Robby_Cristian,783
9726,5.0,Ade_Loz,1450
9727,5.0,Marie J,1363
9727,5.0,Keith S,1392
9727,4.0,Mike O,1704
9727,5.0,Katiejojo65,645
9727,3.0,hppytrvls,1211
9727,4.0,Liz730053,1227
9727,5.0,marinas859,1116
9727,4.0,Rossana D,1380
9727,5.0,JD419,1610
9727,5.0,runningdevendra,698
9727,5.0,CanuckAlberta,1145
9727,4.0,Kilguy,281
9727,5.0,rachjamie21-1,1333
9727,4.0,Bluegoosebach,1597
9728,5.0,John T,680
9728,5.0,Terry H,982
9728,4.0,Sielah,1031
9728,4.0,EdmontonDisneyfan,1025
9728,5.0,ChippyDust,655
9728,5.0,Gary W,117
9728,5.0,BC-Valley-Guy,1484
9728,5.0,Allan A,1016
9728,4.0,Suzi_mom,1006
9728,2.0,deltic,1705
9729,5.0,deathracerJH,1706
9729,3.0,W W,1691
9729,5.0,Andrew N,1234
9729,4.0,Elizabeth2859,989
9730,5.0,Philip D,1326
9731,1.0,137bear,1508
9731,5.0,anjgrant,984
9731,1.0,paurider,997
9731,5.0,29jrh,1100
9731,4.0,DELH,1402
9731,3.0,ktharg,1141
9732,4.0,deathracerJH,1706
9732,4.0,NorthernGuy13,168
